dataset,rows,cols,nnz,cusparse_kernel_ms,cusparse_e2e_ms,cusparse_gflops,preprocess_adj_ms,preprocess_iter_ms,preprocess_max_ms,mp_adj_ms,mp_adj_gflops,mp_iter_ms,mp_iter_gflops,mp_max_ms,mp_max_gflops,mp_best_strategy,mp_best_ms,mp_best_gflops,mp_e2e_ms,speedup_kernel
144,144649,144649,2148786,1.07649,37.10394,511.002,228.023,222.363,1287.92,0.29862,12910.609315,0.30200,12559.121067,0.30173,12557.279809,adj,0.29862,12910.609315,228.32162,3.605
gupta1,31802,31802,2132408,0.37865,10.61832,1441.673,111.861,299.468,24218.1,1.25749,1591.166310,1.11831,1557.806070,1.08610,1592.246202,max,1.08610,1592.246202,24219.18610,0.349
12month1,12471,872622,22624727,10.97736,125.32831,527.625,2408.74,26854.2,NA,21.79594,2403.856972,13.95710,2879.121448,NA,NA,iter,13.95710,2879.121448,26868.15710,0.787
208bit,24430,24421,299756,0.08415,4.85396,911.895,29.556,30.819,169.979,0.04350,11502.070979,0.04362,11384.789156,0.04364,11379.446652,adj,0.04350,11502.070979,29.59950,1.934
2D_27628_bjtcai,27628,27628,442898,0.09505,6.52186,1192.847,15.698,15.224,54.454,0.05349,6039.816005,0.04506,6020.363669,0.04397,6093.623464,max,0.04397,6093.623464,54.49797,2.162
2D_54019_highK,54019,54019,996414,0.17014,13.73974,1499.224,36.812,35.282,158.6,0.31042,2234.954123,0.26114,2162.026507,0.26298,2127.186319,iter,0.26114,2162.026507,35.54314,0.652
3D_28984_Tetra,28984,28984,599170,0.11874,5.51606,1291.760,22.717,24.61,3319.06,0.88330,546.478100,0.61256,674.022065,0.60246,669.055292,max,0.60246,669.055292,3319.66246,0.197
3Dspectralwave,680943,680943,32969646,7.64127,224.55447,1104.558,1895.75,1917.48,NA,2.03067,17939.931287,1.87726,18097.456403,NA,NA,iter,1.87726,18097.456403,1919.35726,4.070
3dtube,45330,45330,3168288,0.30198,12.59595,2685.900,100.473,78.742,NA,0.38676,4406.460229,0.38103,3154.936945,NA,NA,iter,0.38103,3154.936945,79.12303,0.793
598a,110971,110971,1483868,0.84326,20.69838,450.479,173.019,182.944,NA,0.24183,12289.024834,0.24678,11886.074670,NA,NA,adj,0.24183,12289.024834,173.26083,3.487
a2nnsnsl,80016,80016,302214,0.22618,14.67149,342.057,30.314,64.97,NA,1.63985,463.648499,0.85639,801.760094,NA,NA,iter,0.85639,801.760094,65.82639,0.264
ABACUS_shell_hd,23412,23412,218484,0.08636,4.14946,647.629,20.762,20.225,NA,0.03334,10252.972096,0.03295,10191.671668,NA,NA,iter,0.03295,10191.671668,20.25795,2.621
ABACUS_shell_md,23412,23412,218484,0.08620,4.35835,648.860,20.11,20.109,NA,0.03339,10239.999680,0.03293,10198.009820,NA,NA,iter,0.03293,10198.009820,20.14193,2.618
ABACUS_shell_ud,23412,23412,218484,0.08618,4.65316,649.014,18.099,20.887,NA,0.03330,10266.174402,0.03291,10204.355861,NA,NA,iter,0.03291,10204.355861,20.91991,2.619
af_0_k101,503625,503625,17047050,2.15230,107.45580,2027.615,443.051,345.653,NA,0.64807,15852.912861,0.50577,12212.633664,NA,NA,iter,0.50577,12212.633664,346.15877,4.255
af23560,23560,23560,484256,0.09122,7.87398,1359.048,17.232,16.621,NA,0.03465,10865.248473,0.03150,9150.585454,NA,NA,iter,0.03150,9150.585454,16.65250,2.896
af_2_k101,503625,503625,17047050,2.14755,107.22987,2032.101,482.769,420.172,NA,0.64799,15854.917504,0.50569,12214.720341,NA,NA,iter,0.50569,12214.720341,420.67769,4.247
af_4_k101,503625,503625,17047050,2.14976,102.68990,2030.012,408.576,348.544,NA,0.64805,15853.414908,0.50588,12210.161898,NA,NA,iter,0.50588,12210.161898,349.04988,4.250
af_5_k101,503625,503625,17047050,2.14741,105.54018,2032.236,405.39,344.571,NA,0.64788,15857.423087,0.50567,12215.106432,NA,NA,iter,0.50567,12215.106432,345.07667,4.247
af_shell10,1508065,1508065,51164260,6.42715,501.34106,2037.925,1583.32,1036.26,NA,1.83818,16747.920696,1.46991,12597.762379,NA,NA,iter,1.46991,12597.762379,1037.72991,4.372
af_shell3,504855,504855,17084020,2.14899,100.79765,2035.149,472.564,499.545,NA,0.63623,16123.813576,0.50397,12310.143418,NA,NA,iter,0.50397,12310.143418,500.04897,4.264
af_shell4,504855,504855,17084020,2.14772,109.58112,2036.352,409.857,353.475,NA,0.63609,16127.447428,0.50403,12308.642491,NA,NA,iter,0.50403,12308.642491,353.97903,4.261
af_shell6,504855,504855,17084020,2.14637,100.91354,2037.635,417.048,461.705,NA,0.63621,16124.332736,0.50405,12308.142264,NA,NA,iter,0.50405,12308.142264,462.20905,4.258
af_shell8,504855,504855,17084020,2.14925,109.20139,2034.897,420.462,344.883,NA,0.63633,16121.219246,0.50416,12305.642666,NA,NA,iter,0.50416,12305.642666,345.38716,4.263
airfoil_2d,14214,14214,259688,0.04327,2.77057,1536.274,24.967,22.851,NA,0.02966,12101.657740,0.02865,12363.117020,NA,NA,iter,0.02865,12363.117020,22.87965,1.510
al2010,252266,252266,1230482,0.78119,40.09835,403.236,139.715,127.371,NA,0.25063,10393.986295,0.25487,10151.675371,NA,NA,adj,0.25063,10393.986295,139.96563,3.117
amazon0312,400727,400727,3200440,1.55019,70.20783,528.523,289.777,326.224,NA,0.58470,9073.316714,0.57840,9084.399300,NA,NA,iter,0.57840,9084.399300,326.80240,2.680
amazon0601,403394,403394,3387388,1.60453,116.29138,540.453,298.954,308.208,NA,0.60328,9107.187009,0.59593,9125.465549,NA,NA,iter,0.59593,9125.465549,308.80393,2.692
amazon-2008,735323,735323,5158388,1.86351,129.92683,708.634,332.111,341.478,NA,0.78193,8067.176304,0.75733,7674.496125,NA,NA,iter,0.75733,7674.496125,342.23533,2.461
apache1,80800,80800,461384,0.27050,14.21205,436.652,44.631,37.86,NA,0.08769,12536.465116,0.08276,11422.123792,NA,NA,iter,0.08276,11422.123792,37.94276,3.268
appu,14000,14000,1853104,0.43614,5.16547,1087.707,268.302,209.382,NA,0.16523,21394.348131,0.16519,21391.717218,NA,NA,iter,0.16519,21391.717218,209.54719,2.640
AS365,3799275,3799275,22736152,14.00680,674.05841,415.545,2080.26,2099.73,NA,5.17290,7924.523911,5.16925,7919.642513,NA,NA,iter,5.16925,7919.642513,2104.89925,2.710
as-caida,31379,31379,106762,0.08170,5.43409,334.533,13.299,17.255,NA,0.46279,651.909545,0.42756,668.755091,NA,NA,iter,0.42756,668.755091,17.68256,0.191
ASIC_100ks,99190,99190,578890,0.25668,17.52145,577.366,37.552,37.32,NA,0.18336,3960.415318,0.17392,3810.833546,NA,NA,iter,0.17392,3810.833546,37.49392,1.476
ASIC_320ks,321671,321671,1827807,0.73257,51.25283,638.736,120.795,120.226,NA,0.57440,4255.884897,0.49339,4335.316885,NA,NA,iter,0.49339,4335.316885,120.71939,1.485
ASIC_680ks,682712,682712,2329176,1.43823,112.41386,414.586,176.206,196.238,NA,0.66736,6588.890761,0.63396,6081.292228,NA,NA,iter,0.63396,6081.292228,196.87196,2.269
as-Skitter,1696415,1696415,22190596,9.84123,375.37476,577.244,1801.92,5530.89,NA,8.78166,4386.503481,6.75846,4946.301800,NA,NA,iter,6.75846,4946.301800,5537.64846,1.456
atmosmodd,1270432,1270432,8814880,4.37336,218.04277,515.990,653.934,616.156,NA,1.54384,11668.859015,1.43421,10795.693839,NA,NA,iter,1.43421,10795.693839,617.59021,3.049
atmosmodl,1489752,1489752,10319760,5.26705,247.76262,501.583,772.954,709.413,NA,1.81631,11618.694613,1.69517,10685.294334,NA,NA,iter,1.69517,10685.294334,711.10817,3.107
atmosmodm,1489752,1489752,10319760,5.26786,272.46307,501.505,764.361,689.89,NA,1.80695,11678.875805,1.69343,10696.279003,NA,NA,iter,1.69343,10696.279003,691.58343,3.111
aug3dcqp,35543,35543,100572,0.09060,6.29569,284.166,9.143,10.703,NA,0.04256,6106.641029,0.04153,6238.264068,NA,NA,iter,0.04153,6238.264068,10.74453,2.182
av41092,41092,41092,1683902,0.37495,8.97978,1149.704,79.418,146.579,NA,0.30507,6749.946383,0.29334,6821.811137,NA,NA,iter,0.29334,6821.811137,146.87234,1.278
barrier2-1,113076,113076,3805068,0.97474,23.10813,999.340,290.309,267.979,NA,1.35145,3767.658098,1.20697,3960.878312,NA,NA,iter,1.20697,3960.878312,269.18597,0.808
barrier2-10,115625,115625,3897557,0.96666,46.82230,1032.190,269.67,274.146,NA,1.64284,3176.523823,1.41982,3452.438603,NA,NA,iter,1.41982,3452.438603,275.56582,0.681
barrier2-12,115625,115625,3897557,1.00024,24.55448,997.532,266.653,269.507,NA,1.64723,3168.072036,1.42586,3437.809762,NA,NA,iter,1.42586,3437.809762,270.93286,0.701
barrier2-3,113076,113076,3805068,0.94808,45.45271,1027.441,274.358,304.978,NA,1.34343,3790.173462,1.19302,4007.182365,NA,NA,iter,1.19302,4007.182365,306.17102,0.795
barrier2-9,115625,115625,3897557,0.96176,23.34176,1037.445,308.563,309.514,NA,1.64921,3164.255970,1.42451,3441.072048,NA,NA,iter,1.42451,3441.072048,310.93851,0.675
Baumann,112211,112211,760631,0.31539,21.27105,617.395,48.71,52.111,NA,0.10791,11359.423383,0.10689,10668.710632,NA,NA,iter,0.10689,10668.710632,52.21789,2.951
baxter,27441,30733,111576,0.08708,4.69876,328.010,7.779,7.26,NA,1.55122,139.820187,0.88289,224.541860,NA,NA,iter,0.88289,224.541860,8.14289,0.099
bayer04,20545,20545,159082,0.06504,3.44533,626.153,6.583,6.831,NA,0.02367,7010.380897,0.02335,6865.965217,NA,NA,iter,0.02335,6865.965217,6.85435,2.785
bcircuit,68902,68902,375558,0.17740,11.02821,541.962,25.858,24.994,NA,0.08061,6715.853371,0.07657,6286.600586,NA,NA,iter,0.07657,6286.600586,25.07057,2.317
bcsstk17,10974,10974,417676,0.05280,3.32577,2025.071,11.082,9.496,NA,0.03391,6404.830776,0.03271,5261.865824,NA,NA,iter,0.03271,5261.865824,9.52871,1.614
bcsstk25,15439,15439,236802,0.04823,2.94546,1256.911,12.168,11.893,NA,0.02609,7979.905568,0.02402,7914.066713,NA,NA,iter,0.02402,7914.066713,11.91702,2.008
bcsstk30,28924,28924,2014568,0.31709,7.13331,1626.445,49.213,52.639,NA,0.06957,14022.254839,0.06187,13607.679787,NA,NA,iter,0.06187,13607.679787,52.70087,5.125
bcsstk32,44609,44609,1970092,0.27822,9.67027,1812.746,46.863,45.605,NA,0.08667,11333.081034,0.07109,10459.233990,NA,NA,iter,0.07109,10459.233990,45.67609,3.914
bcsstk35,30237,30237,1419926,0.20238,6.70632,1796.101,31.709,30.963,NA,0.05925,10351.389493,0.05386,9245.323184,NA,NA,iter,0.05386,9245.323184,31.01686,3.758
bcsstk37,25503,25503,1115474,0.15346,5.43374,1860.806,24.384,26.096,NA,0.04719,11620.044992,0.03971,9920.990305,NA,NA,iter,0.03971,9920.990305,26.13571,3.865
bcsstm36,23052,23052,308434,0.06273,3.90210,1258.709,11.818,10.137,NA,0.03504,7900.876727,0.03275,6437.023333,NA,NA,iter,0.03275,6437.023333,10.16975,1.915
belgium_osm,1441295,1441295,3099940,2.72497,237.66646,291.227,226.784,264.589,NA,1.13971,5249.782614,1.13953,5250.085442,NA,NA,iter,1.13953,5250.085442,265.72853,2.391
bfly,49152,49152,196608,0.12745,8.57868,394.922,15.756,16.325,NA,0.05057,7299.196250,0.05048,7311.318724,NA,NA,iter,0.05048,7311.318724,16.37548,2.525
bloweya,30004,30004,140008,0.08126,5.25872,441.053,10.737,37.249,NA,1.55331,197.750668,1.51319,121.787619,NA,NA,iter,1.51319,121.787619,38.76219,0.054
bmw3_2,227362,227362,11061268,1.23048,58.43376,2301.286,265.25,253.327,NA,0.41267,12703.444024,0.33133,12883.470809,NA,NA,iter,0.33133,12883.470809,253.65833,3.714
bmw7st_1,141347,141347,7198320,0.76499,33.01134,2408.893,181.149,159.12,NA,0.27507,12108.584986,0.23083,11474.971258,NA,NA,iter,0.23083,11474.971258,159.35083,3.314
bodyy4,17546,17546,104392,0.05792,3.97596,461.421,6.879,5.631,NA,0.02394,7141.830296,0.02296,6211.596581,NA,NA,iter,0.02296,6211.596581,5.65396,2.523
bodyy6,19366,19366,115382,0.06457,6.37156,457.429,7.867,6.076,NA,0.02531,7565.048655,0.02404,6549.914958,NA,NA,iter,0.02404,6549.914958,6.10004,2.686
boneS01,127224,127224,6587928,0.95883,28.28101,1758.920,232.857,185.085,NA,0.21764,18166.139441,0.17629,15892.006783,NA,NA,iter,0.17629,15892.006783,185.26129,5.439
boneS10,914898,914898,54553524,7.27357,281.80835,1920.060,1780.15,1609.99,NA,1.76439,17965.975952,1.29919,17019.190715,NA,NA,iter,1.29919,17019.190715,1611.28919,5.599
boyd2,466316,466316,1220612,1.08161,71.52013,288.900,160.505,3475.19,NA,27.81899,123.526431,14.48221,207.798462,NA,NA,iter,14.48221,207.798462,3489.67221,0.075
brainpc2,27607,27607,165588,0.08294,4.79096,511.074,8.934,64.066,NA,2.07981,122.261282,2.09476,121.388695,NA,NA,adj,2.07981,122.261282,11.01381,0.040
Bump_2911,2911419,2911419,124818480,17.36122,923.47937,1840.511,4011.43,3514.79,NA,5.73610,15344.348603,4.17911,14115.837211,NA,NA,iter,4.17911,14115.837211,3518.96911,4.154
bundle_adj,513351,513351,19694700,3.50611,179.48201,1438.014,416.642,1238.22,NA,2.97777,3284.303098,2.37654,3521.249111,NA,NA,iter,2.37654,3521.249111,1240.59654,1.475
c-42,10471,10471,99814,0.03559,1.78373,717.906,5.25,5.823,NA,0.24705,514.631503,0.16751,704.829472,NA,NA,iter,0.16751,704.829472,5.99051,0.212
c-45,13206,13206,161246,0.05495,2.18364,751.239,6.091,8.71,NA,0.39578,378.535589,0.33741,405.559952,NA,NA,iter,0.33741,405.559952,9.04741,0.163
c-47,15343,15343,196058,0.06046,2.58884,830.209,13.029,13.926,NA,0.29643,906.121330,0.27349,931.915552,NA,NA,iter,0.27349,931.915552,14.19949,0.221
c-48,18354,18354,147726,0.06144,3.06072,615.525,9.782,9.789,NA,0.14053,1526.552004,0.14283,1435.962141,NA,NA,adj,0.14053,1526.552004,9.92253,0.437
c-50,22401,22401,171224,0.07090,4.07941,618.254,11.695,12.999,NA,0.27638,954.783247,0.25834,943.962377,NA,NA,iter,0.25834,943.962377,13.25734,0.274
c-52,23948,23948,178768,0.07924,4.48513,577.565,14.345,12.919,NA,0.27281,1014.338251,0.28918,876.487226,NA,NA,adj,0.27281,1014.338251,14.61781,0.290
c-53,30235,30235,341978,0.11143,5.18534,785.651,16.76,22.374,NA,0.75977,483.734950,0.63820,526.127988,NA,NA,iter,0.63820,526.127988,23.01220,0.175
c-55,32780,32780,370670,0.12755,5.57732,743.959,26.12,27.011,NA,0.44481,1157.622392,0.47581,1012.697448,NA,NA,adj,0.44481,1157.622392,26.56481,0.287
c-57,37833,37833,367364,0.12913,6.31009,728.319,19.055,52.204,NA,1.62886,265.808328,1.47042,274.770897,NA,NA,iter,1.47042,274.770897,53.67442,0.088
c-59,41282,41282,439254,0.14719,6.99549,763.973,32.218,34.372,NA,0.48970,1244.280911,0.51360,1106.372097,NA,NA,adj,0.48970,1244.280911,32.70770,0.301
c-60,43640,43640,254938,0.12374,7.18381,527.432,21.689,20.187,NA,0.36094,1212.982291,0.37792,1100.742420,NA,NA,adj,0.36094,1212.982291,22.04994,0.343
c-62,41731,41731,517612,0.17258,7.88456,767.799,35.559,42.465,NA,0.73394,991.913431,0.74361,917.590677,NA,NA,adj,0.73394,991.913431,36.29294,0.235
c-63,44234,44234,390470,0.14766,7.65482,676.959,31.199,33.176,NA,0.52183,1114.348495,0.55304,970.937646,NA,NA,adj,0.52183,1114.348495,31.72083,0.283
c-64b,51035,51035,666806,0.19696,13.46941,866.702,30.434,87.199,NA,1.38072,494.467341,1.19599,514.647754,NA,NA,iter,1.19599,514.647754,88.39499,0.165
c-65,48066,48066,312462,0.13752,8.54805,581.649,26.35,26.037,NA,0.53570,962.740406,0.55914,867.277101,NA,NA,adj,0.53570,962.740406,26.88570,0.257
c-66b,49989,49989,449018,0.17467,8.64654,658.075,32.75,42.049,NA,0.79493,822.327205,0.74668,791.240214,NA,NA,iter,0.74668,791.240214,42.79568,0.234
c-67b,57975,57975,473960,0.16857,10.48157,719.779,40.739,35.634,NA,0.92048,698.663355,0.51700,1099.413747,NA,NA,iter,0.51700,1099.413747,36.15100,0.326
c-69,67458,67458,556512,0.23374,11.23724,609.515,40.36,42.388,NA,0.67707,1234.216600,0.69853,1117.720126,NA,NA,adj,0.67707,1234.216600,41.03707,0.345
c-70,68924,68924,590062,0.24492,12.40566,616.755,41.466,48.809,NA,0.69825,1263.471639,0.71008,1155.283819,NA,NA,adj,0.69825,1263.471639,42.16425,0.351
c-72,84064,84064,623494,0.28539,13.64861,559.293,45.137,56.746,NA,0.82764,1179.609979,0.85062,1067.424301,NA,NA,adj,0.82764,1179.609979,45.96464,0.345
c-73b,169422,169422,1109852,0.54909,28.93736,517.444,87.836,495.95,NA,4.93175,398.877122,4.81010,395.244980,NA,NA,iter,4.81010,395.244980,500.76010,0.114
ca-AstroPh,18772,18772,396100,0.12182,3.51955,832.423,45.979,40.764,NA,0.10082,8305.504773,0.09773,8188.432498,NA,NA,iter,0.09773,8188.432498,40.86173,1.246
ca-CondMat,23133,23133,186878,0.10205,3.81176,468.789,21.775,22.24,NA,0.06681,6187.124605,0.06040,6631.671521,NA,NA,iter,0.06040,6631.671521,22.30040,1.690
cage11,39082,39082,559722,0.18868,7.40303,759.419,46.965,46.771,NA,0.06640,13913.386772,0.06558,14038.314708,NA,NA,iter,0.06558,14038.314708,46.83658,2.877
cage13,445315,445315,7479343,3.17254,86.29713,603.527,584.714,578.735,NA,0.82993,15568.611793,0.81979,15621.634124,NA,NA,iter,0.81979,15621.634124,579.55479,3.870
cage14,1505785,1505785,27130349,12.44297,478.38818,558.176,2202.73,2150.28,NA,3.00880,15522.441143,2.97894,15620.624669,NA,NA,iter,2.97894,15620.624669,2153.25894,4.177
ca-HepPh,12008,12008,236978,0.07494,2.21066,809.572,28.84,32.564,NA,0.07897,7246.472982,0.07109,7249.553678,NA,NA,iter,0.07109,7249.553678,32.63509,1.054
cant,62451,62451,3944932,0.45351,16.15807,2226.863,108.035,113.23,NA,0.12304,18439.680079,0.09589,16773.003724,NA,NA,iter,0.09589,16773.003724,113.32589,4.729
case9,14454,14454,144342,0.05960,2.52344,620.026,5.861,17.352,NA,0.97430,166.682782,0.97483,144.070257,NA,NA,adj,0.97430,166.682782,6.83530,0.061
cat_ears_4_4,19020,44448,132888,0.08276,5.47114,411.062,11.836,11.522,NA,0.03439,7008.933977,0.03424,6981.818006,NA,NA,iter,0.03424,6981.818006,11.55624,2.417
cbuckle,13681,13681,662834,0.11387,3.11374,1490.193,12.657,11.489,NA,0.10068,2760.292820,0.10113,1968.408310,NA,NA,adj,0.10068,2760.292820,12.75768,1.131
ccc,49152,49152,147456,0.13076,8.39724,288.685,12.57,13.937,NA,0.04563,6618.312481,0.04565,6615.343274,NA,NA,adj,0.04563,6618.312481,12.61563,2.866
cfd2,123440,123440,2964458,0.46324,22.65844,1638.257,134.856,128.109,NA,0.18321,16704.136548,0.15092,14476.645408,NA,NA,iter,0.15092,14476.645408,128.25992,3.069
ch7-7-b5,35280,52920,211680,0.12571,7.34198,431.085,16.698,17.704,NA,0.04618,7825.454749,0.04616,7826.797036,NA,NA,iter,0.04616,7826.797036,17.75016,2.723
ch7-8-b4,141120,58800,705600,0.35725,21.30431,505.618,53.595,54.867,NA,0.13531,8571.999674,0.13523,8577.191900,NA,NA,iter,0.13523,8577.191900,55.00223,2.642
ch7-9-b3,105840,17640,423360,0.21674,11.55992,500.047,32.798,29.787,NA,0.08835,8100.881253,0.08837,8099.003425,NA,NA,adj,0.08835,8100.881253,32.88635,2.453
ch7-9-b5,423360,317520,2540160,1.28532,57.36841,505.929,200.777,206.771,NA,0.45699,9487.639675,0.45687,9489.976932,NA,NA,iter,0.45687,9489.976932,207.22787,2.813
ch8-8-b3,117600,18816,470400,0.24244,9.72899,496.706,31.843,35.944,NA,0.10060,7954.722885,0.10064,7951.485285,NA,NA,adj,0.10060,7954.722885,31.94360,2.410
ch8-8-b5,564480,376320,3386880,1.69150,77.57658,512.586,245.269,256.984,NA,0.60051,9625.755333,0.60051,9625.537067,NA,NA,adj,0.60051,9625.755333,245.86951,2.817
Chebyshev4,68121,68121,5377761,1.47794,25.35295,931.504,197.532,6690.05,NA,9.59945,502.772001,9.59601,500.613158,NA,NA,iter,9.59601,500.613158,6699.64601,0.154
Chevron1,37365,37365,330633,0.11378,6.21237,743.894,15.103,12.348,NA,0.04432,8570.055664,0.04020,7585.939710,NA,NA,iter,0.04020,7585.939710,12.38820,2.830
Chevron2,90249,90249,803173,0.24787,14.97195,829.529,36.476,32.934,NA,0.09525,9657.774369,0.08882,8305.943133,NA,NA,iter,0.08882,8305.943133,33.02282,2.791
Chevron4,711450,711450,6376412,1.84856,135.23531,883.044,293.012,245.954,NA,0.68989,10567.494116,0.61753,9431.207281,NA,NA,iter,0.61753,9431.207281,246.57153,2.993
chipcool1,20082,20082,281150,0.08786,3.53935,819.226,30.848,34.293,NA,0.04549,11738.136423,0.04510,11825.613061,NA,NA,iter,0.04510,11825.613061,34.33810,1.948
circuit_4,80209,80209,307604,0.20955,13.86177,375.787,22.719,37.587,NA,1.00854,478.294244,0.83709,561.540017,NA,NA,iter,0.83709,561.540017,38.42409,0.250
circuit5M_dc,3523317,3523317,19194193,9.59472,634.93689,512.127,1127.31,1158.01,NA,3.46554,7531.334787,3.42870,7557.683894,NA,NA,iter,3.42870,7557.683894,1161.43870,2.798
cit-HepPh,34546,34546,421578,0.13894,9.04076,776.787,50.45,52.835,NA,0.09322,9642.881821,0.07928,11019.375106,NA,NA,iter,0.07928,11019.375106,52.91428,1.753
cit-Patents,3774768,3774768,16518948,13.20204,584.75403,320.318,2491.94,2103.69,NA,4.27807,8560.126139,4.23774,8424.540917,NA,NA,iter,4.23774,8424.540917,2107.92774,3.115
ckt11752_dc_1,49702,49702,333029,0.13861,9.06869,615.080,22.809,29.167,NA,0.52253,855.310838,0.49305,865.433368,NA,NA,iter,0.49305,865.433368,29.66005,0.281
cnr-2000,325557,325557,3216152,0.81355,59.43723,1012.031,119.282,133.951,NA,0.66358,4197.278042,0.65724,3948.597623,NA,NA,iter,0.65724,3948.597623,134.60824,1.238
co2010,201062,201062,974574,0.62835,62.77814,397.059,99.606,111.601,NA,0.20187,10215.035154,0.20582,9927.801300,NA,NA,adj,0.20187,10215.035154,99.80787,3.113
coAuthorsCiteseer,227320,227320,1628268,0.68729,36.75005,606.495,110.836,126.52,NA,0.39737,5583.466638,0.38402,5344.514919,NA,NA,iter,0.38402,5344.514919,126.90402,1.790
coAuthorsDBLP,299067,299067,1955352,0.94003,47.48539,532.503,156.45,157.677,NA,0.37089,8389.543441,0.36084,8089.902602,NA,NA,iter,0.36084,8089.902602,158.03784,2.605
cond-mat-2005,40421,40421,351386,0.16839,6.82543,534.216,30.868,31.361,NA,0.08151,7304.120534,0.07967,7080.719702,NA,NA,iter,0.07967,7080.719702,31.44067,2.114
conf5_4-8x8-10,49152,49152,1916928,0.25698,10.80668,1909.595,56.608,55.073,NA,0.07928,13967.243945,0.07539,14688.182203,NA,NA,iter,0.07539,14688.182203,55.14839,3.409
conf5_4-8x8-20,49152,49152,1916928,0.25577,10.99820,1918.626,56.594,55.769,NA,0.07934,13956.764924,0.07526,14712.163091,NA,NA,iter,0.07526,14712.163091,55.84426,3.398
conf6_0-8x8-20,49152,49152,1916928,0.25583,10.37362,1918.194,60.317,59.331,NA,0.07932,13960.031267,0.07526,14712.163091,NA,NA,iter,0.07526,14712.163091,59.40626,3.399
conf6_0-8x8-80,49152,49152,1916928,0.25815,10.48886,1900.960,61.034,58.898,NA,0.07926,13970.853079,0.07539,14688.182203,NA,NA,iter,0.07539,14688.182203,58.97339,3.424
cont11_l,1468599,1961394,5382999,3.70846,613.51764,371.596,422.437,435.931,NA,1.36350,8078.056695,1.32671,7555.326092,NA,NA,iter,1.32671,7555.326092,437.25771,2.795
cont1_l,1918399,1921596,7031999,4.30319,298.20419,418.339,475.273,452.563,NA,1.66621,8636.416863,1.62357,8064.967661,NA,NA,iter,1.62357,8064.967661,454.18657,2.650
cont-300,180895,180895,897598,0.46678,30.84481,492.278,77.139,68.976,NA,0.18035,11033.204052,0.17590,9377.202918,NA,NA,iter,0.17590,9377.202918,69.15190,2.654
coPapersCiteseer,434102,434102,32073440,5.45653,137.70016,1504.767,969.526,1162.38,NA,1.25753,16704.565232,1.08696,15470.269499,NA,NA,iter,1.08696,15470.269499,1163.46696,5.020
copter1,17222,17222,193842,0.06623,3.19573,749.264,14.833,12.814,NA,0.03256,10160.503146,0.02740,9808.072162,NA,NA,iter,0.02740,9808.072162,12.84140,2.417
copter2,55476,55476,704476,0.24264,10.51932,743.251,56.114,60.878,NA,0.08526,12228.105316,0.07983,12223.293646,NA,NA,iter,0.07983,12223.293646,60.95783,3.039
crankseg_1,52804,52804,10561406,1.03111,22.80908,2622.154,297.752,286.238,NA,0.80626,7198.496262,0.53031,7541.188228,NA,NA,iter,0.53031,7541.188228,286.76831,1.944
crashbasis,160000,160000,1750416,0.60973,26.53204,734.925,96.872,91.954,NA,0.20969,11046.703313,0.19851,9887.015215,NA,NA,iter,0.19851,9887.015215,92.15251,3.072
crystk02,13965,13965,954618,0.08290,4.56520,2947.807,24.107,22.24,NA,0.03336,14524.739571,0.02597,13692.113643,NA,NA,iter,0.02597,13692.113643,22.26597,3.192
crystk03,24696,24696,1726482,0.20357,6.41329,2171.129,40.543,41.179,NA,0.05657,15462.418109,0.04465,14353.027071,NA,NA,iter,0.04465,14353.027071,41.22365,4.559
crystm03,24696,24696,559074,0.13091,4.92260,1093.308,25.347,25.34,NA,0.04528,13072.093650,0.04518,13067.633526,NA,NA,iter,0.04518,13067.633526,25.38518,2.898
ct20stif,52329,52329,2646134,0.36119,12.15622,1875.520,64.702,62.553,NA,0.12906,10439.865630,0.10050,10284.410281,NA,NA,iter,0.10050,10284.410281,62.65350,3.594
Cube_Coup_dt6,2164760,2164760,125041384,14.99888,673.88818,2134.200,2869.74,2735.88,NA,3.84383,14440.459259,2.98733,15397.219920,NA,NA,iter,2.98733,15397.219920,2738.86733,5.021
CurlCurl_0,11083,11083,102260,0.02400,1.93827,1090.657,5.44,4.914,NA,0.01565,7465.968619,0.01487,6545.454560,NA,NA,iter,0.01487,6545.454560,4.92887,1.614
CurlCurl_2,806529,806529,8115260,2.22923,130.15012,931.940,380.524,363.371,NA,0.91093,10135.299505,0.81132,9633.279951,NA,NA,iter,0.81132,9633.279951,364.18232,2.748
CurlCurl_4,2380515,2380515,24135352,6.66767,435.42636,926.658,1126.71,1096.93,NA,2.66719,10294.134930,2.37918,9784.830781,NA,NA,iter,2.37918,9784.830781,1099.30918,2.803
cvxqp3,17500,17500,104962,0.06164,3.15196,435.907,10.77,10.834,NA,0.02451,10630.576138,0.02456,10611.509154,NA,NA,adj,0.02451,10630.576138,10.79451,2.515
cyl6,13681,13681,700560,0.11870,4.79706,1510.870,12.976,12.146,NA,0.11426,2435.131799,0.11710,1704.372227,NA,NA,adj,0.11426,2435.131799,13.09026,1.039
cz20468,20468,20468,206076,0.07217,3.45233,730.973,13.199,12.36,NA,0.03144,8494.071403,0.02753,8328.571495,NA,NA,iter,0.02753,8328.571495,12.38753,2.622
D6-6,120576,23740,146880,0.17072,10.14412,220.250,14.327,13.313,NA,0.07373,4761.333415,0.07367,4765.304533,NA,NA,iter,0.07367,4765.304533,13.38667,2.317
dawson5,51537,51537,959240,0.20828,9.55512,1179.007,45.322,43.174,NA,0.06519,13240.339209,0.06077,11993.832261,NA,NA,iter,0.06077,11993.832261,43.23477,3.427
dbir1,18804,45775,1077025,0.27226,8.29653,1012.710,64.746,137.983,NA,0.67526,2324.500037,0.49136,2733.977976,NA,NA,iter,0.49136,2733.977976,138.47436,0.554
dblp-2010,326186,326186,1615400,0.83704,56.98721,494.054,104.644,118.457,NA,0.34570,6533.933645,0.33077,6152.634583,NA,NA,iter,0.33077,6152.634583,118.78777,2.531
dc1,116835,116835,766396,0.36370,20.44905,539.450,53.795,3994.62,NA,17.04802,70.141280,16.99981,68.138913,NA,NA,iter,16.99981,68.138913,4011.61981,0.021
dc3,116835,116835,766396,0.36424,19.57811,538.653,56.455,4138.7,NA,17.11176,69.880018,17.06863,67.864211,NA,NA,iter,17.06863,67.864211,4155.76863,0.021
debr,1048576,1048576,4194298,2.68216,187.67978,400.326,285.854,288.548,NA,0.96635,6666.796647,0.96641,6666.372963,NA,NA,adj,0.96635,6666.796647,286.82035,2.776
delaunay_n15,32768,32768,196548,0.09310,8.05927,540.442,13.914,16.039,NA,0.03549,7371.263530,0.03480,7089.346612,NA,NA,iter,0.03480,7089.346612,16.07380,2.675
delaunay_n16,65536,65536,393150,0.17476,11.92517,575.926,32.008,28.871,NA,0.06892,7566.359558,0.06787,7263.037856,NA,NA,iter,0.06787,7263.037856,28.93887,2.575
delaunay_n18,262144,262144,1572792,0.66298,41.59879,607.307,115.772,166.344,NA,0.25612,8121.797689,0.25537,7715.518373,NA,NA,iter,0.25537,7715.518373,166.59937,2.596
delaunay_n20,1048576,1048576,6291372,2.63297,176.48424,611.701,481.509,465.476,NA,1.03268,8061.367861,1.00518,7843.914932,NA,NA,iter,1.00518,7843.914932,466.48118,2.619
delaunay_n22,4194304,4194304,25165738,10.63373,762.92627,605.848,2046.53,1881.7,NA,4.08992,8141.402266,3.97214,7941.750774,NA,NA,iter,3.97214,7941.750774,1885.67214,2.677
Delor295K,295734,1823928,2401323,0.73568,185.96217,835.610,147.244,132.362,NA,0.30079,9196.377848,0.30034,9181.370522,NA,NA,iter,0.30034,9181.370522,132.66234,2.449
Delor64K,64719,1785345,652140,0.25029,165.92618,667.028,50.4,46.693,NA,0.09613,10018.577149,0.09568,10033.218782,NA,NA,iter,0.09568,10033.218782,46.78868,2.616
denormal,89400,89400,1066824,0.26069,15.60074,1047.631,56.163,52.767,NA,0.10076,12720.320766,0.09902,11057.042866,NA,NA,iter,0.09902,11057.042866,52.86602,2.633
dielFilterV2clx,607232,607232,24702040,5.47449,161.20853,1155.126,1353.45,1451.21,NA,1.56060,15796.622233,1.26034,15827.858267,NA,NA,iter,1.26034,15827.858267,1452.47034,4.344
dielFilterV2real,1157456,1157456,47381496,10.98160,599.85541,1104.544,2641.42,2552.81,NA,2.99117,15612.633633,2.44947,15971.345123,NA,NA,iter,2.44947,15971.345123,2555.25947,4.483
dielFilterV3real,1102824,1102824,88203196,19.50898,311.16656,1157.417,3859.69,4589.48,NA,4.78679,16510.845619,3.66934,16586.411334,NA,NA,iter,3.66934,16586.411334,4593.14934,5.317
d_pretok,182730,182730,1512512,0.60457,29.61247,640.461,109.024,105.446,NA,0.20722,10729.867341,0.19872,9871.586030,NA,NA,iter,0.19872,9871.586030,105.64472,3.042
Dubcova1,16129,16129,236880,0.05486,3.19304,1105.366,18.95,18.183,NA,0.04282,7303.682136,0.03955,7152.356161,NA,NA,iter,0.03955,7152.356161,18.22255,1.387
Dubcova2,65025,65025,965200,0.29590,12.31083,835.064,75.996,74.445,NA,0.10582,12098.625905,0.09697,11976.177489,NA,NA,iter,0.09697,11976.177489,74.54197,3.051
e18,24617,38602,156466,0.07764,5.74813,515.913,9.287,8.754,NA,0.03836,4982.808481,0.03777,4824.295129,NA,NA,iter,0.03777,4824.295129,8.79177,2.056
EAT_RS,23219,23219,325592,0.10312,4.06700,808.322,39.558,45.534,NA,0.15579,5177.757364,0.15256,4795.704030,NA,NA,iter,0.15256,4795.704030,45.68656,0.676
ecl32,51993,51993,380415,0.16767,9.40431,580.822,27.619,27.847,NA,0.06312,9593.251285,0.06142,9556.785536,NA,NA,iter,0.06142,9556.785536,27.90842,2.730
ecology1,1000000,1000000,3996000,2.43448,179.74188,420.203,342.858,331.857,NA,0.91222,11202.893761,0.84316,9710.915472,NA,NA,iter,0.84316,9710.915472,332.70016,2.887
email-Enron,36692,36692,367662,0.14064,6.25573,669.255,33.083,39.64,NA,0.37300,1844.308995,0.28981,2108.797903,NA,NA,iter,0.28981,2108.797903,39.92981,0.485
Emilia_923,923136,923136,40082070,6.19160,323.17215,1657.248,2010.03,1439.12,NA,1.77109,15074.031716,1.41758,15985.390561,NA,NA,iter,1.41758,15985.390561,1440.53758,4.368
enron,69244,69244,276143,0.13941,10.84207,507.094,28.744,34.429,NA,0.27199,2446.321841,0.22499,2665.210195,NA,NA,iter,0.22499,2665.210195,34.65399,0.620
epb2,25228,25228,175027,0.08331,4.50180,537.817,9.867,8.329,NA,0.03791,5871.853026,0.03539,4773.148140,NA,NA,iter,0.03539,4773.148140,8.36439,2.354
ESOC,327062,37830,6019939,0.86020,32.48389,1791.563,339.123,334.531,NA,0.35525,16813.374552,0.36966,16109.207692,NA,NA,adj,0.35525,16813.374552,339.47825,2.421
EternityII_Etilde,10054,204304,1170516,0.69841,22.47231,429.051,112.929,138.271,NA,1.96030,1423.030205,1.14598,2072.800109,NA,NA,iter,1.14598,2072.800109,139.41698,0.609
ex11,16614,16614,1096948,0.14057,5.13337,1997.647,28.858,26,NA,0.04798,13200.171213,0.03553,12195.965023,NA,NA,iter,0.03553,12195.965023,26.03553,3.956
ex19,12005,12005,259879,0.05116,2.19670,1300.435,7.51,7.544,NA,0.01991,8725.925846,0.01978,8642.649912,NA,NA,iter,0.01978,8642.649912,7.56378,2.586
F1,343791,343791,26493322,3.98592,95.01723,1701.562,1245.78,936.048,NA,1.33458,13531.914851,1.08538,12868.441485,NA,NA,iter,1.08538,12868.441485,937.13338,3.672
Fault_639,638802,638802,27975762,3.71704,147.70393,1926.748,970.329,1042.58,NA,1.23296,15208.251852,0.95934,15127.297647,NA,NA,iter,0.95934,15127.297647,1043.53934,3.875
fe_body,45087,45087,327468,0.11991,7.77644,699.124,20.26,20.12,NA,0.04813,7836.595858,0.04471,7311.039547,NA,NA,iter,0.04471,7311.039547,20.16471,2.682
FEM_3D_thermal2,147900,147900,3489300,0.53838,36.95952,1659.179,160.104,153.099,NA,0.18100,14188.187732,0.16257,11998.790063,NA,NA,iter,0.16257,11998.790063,153.26157,3.312
fem_filter,74062,74062,1731206,0.41904,17.71199,1057.625,121.527,130.215,NA,0.17435,9266.392726,0.13842,10548.542667,NA,NA,iter,0.13842,10548.542667,130.35342,3.027
fe_ocean,143437,143437,819186,0.48257,27.55235,434.572,87.823,83.474,NA,0.13609,11975.319656,0.14064,11588.175497,NA,NA,adj,0.13609,11975.319656,87.95909,3.546
fe_tooth,78136,78136,905182,0.29557,15.65767,784.006,91.239,86.817,NA,0.11563,10224.016730,0.10000,9591.541614,NA,NA,iter,0.10000,9591.541614,86.91700,2.956
filter3D,106437,106437,2600742,0.57397,29.06127,1159.968,297.918,284.292,NA,0.19872,18367.927301,0.20404,17099.588146,NA,NA,adj,0.19872,18367.927301,298.11672,2.888
finance256,37376,37376,261120,0.12550,9.25212,532.637,18.419,19.755,NA,0.04723,9779.704707,0.04571,9541.935489,NA,NA,iter,0.04571,9541.935489,19.80071,2.746
Flan_1565,1564794,1564794,115841250,13.35960,411.80991,2219.780,2959.88,2717.88,NA,3.45317,17688.743038,2.60086,17283.301290,NA,NA,iter,2.60086,17283.301290,2720.48086,5.137
flickr,820878,820878,9837214,4.38323,181.19147,574.537,1051.52,1956.58,NA,2.36110,9995.475953,2.29044,9239.893580,NA,NA,iter,2.29044,9239.893580,1958.87044,1.914
flower_8_4,55081,125361,375266,0.22229,19.83842,432.175,41.516,45.618,NA,0.07688,9256.473227,0.07733,9176.270909,NA,NA,adj,0.07688,9256.473227,41.59288,2.891
fome12,24284,48920,142528,0.11321,6.62593,322.287,17.831,15.543,NA,0.06138,5395.795790,0.05929,5417.340382,NA,NA,iter,0.05929,5417.340382,15.60229,1.909
fome20,33874,108175,232647,0.17996,20.67092,330.953,29.276,26.735,NA,0.07475,7320.986129,0.07336,6851.591225,NA,NA,iter,0.07336,6851.591225,26.80836,2.453
fome21,67748,216350,465294,0.32707,32.01653,364.194,70.246,65.98,NA,0.12638,8652.082054,0.12461,8066.938468,NA,NA,iter,0.12461,8066.938468,66.10461,2.625
ford2,100196,100196,444492,0.24580,21.77866,462.935,47.649,46.723,NA,0.10181,7752.484565,0.10007,7124.682838,NA,NA,iter,0.10007,7124.682838,46.82307,2.456
Freescale1,3428755,3428755,18920347,10.58089,907.98651,457.770,1333.42,1237.3,NA,3.70086,7718.004070,3.61878,7827.710591,NA,NA,iter,3.61878,7827.710591,1240.91878,2.924
fullb,199187,199187,11508890,1.46688,48.78467,2008.532,245.358,335.804,NA,0.34751,14293.707134,0.30050,13815.306837,NA,NA,iter,0.30050,13815.306837,336.10450,4.881
FullChip,2987012,2987012,26621990,10.98059,575.96844,620.661,2633.44,6.44637e+06,NA,419.12790,92.213696,NA,NA,NA,NA,adj,419.12790,92.213696,3052.56790,0.026
fxm4_6,18892,18892,478952,0.09615,3.85012,1275.208,21.589,23.157,NA,0.06226,8006.924635,0.05247,8335.987671,NA,NA,iter,0.05247,8335.987671,23.20947,1.832
G2_circuit,150102,150102,576572,0.37614,26.21814,392.418,51.984,45.433,NA,0.14422,9926.043639,0.13873,8457.277962,NA,NA,iter,0.13873,8457.277962,45.57173,2.711
g7jac040,11790,11790,114671,0.04103,2.11714,715.531,6.353,6.779,NA,0.03363,4859.439570,0.03342,4712.745183,NA,NA,iter,0.03342,4712.745183,6.81242,1.228
g7jac040sc,11790,11790,114671,0.04108,1.96096,714.639,6.497,7.342,NA,0.03355,4871.306423,0.03338,4718.527737,NA,NA,iter,0.03338,4718.527737,7.37538,1.231
g7jac060,17730,17730,203316,0.06423,3.27261,810.411,12.75,12.77,NA,0.04420,6436.330230,0.04489,6104.379765,NA,NA,adj,0.04420,6436.330230,12.79420,1.453
g7jac080,23670,23670,293976,0.08626,4.44873,872.436,18.746,18.209,NA,0.04995,8166.625849,0.05061,7759.773509,NA,NA,adj,0.04995,8166.625849,18.79595,1.727
g7jac080sc,23670,23670,293976,0.08622,4.35570,872.850,18.154,18.389,NA,0.04987,8180.041354,0.05071,7744.103411,NA,NA,adj,0.04987,8180.041354,18.20387,1.729
g7jac100sc,29610,29610,384636,0.10944,5.60808,899.702,24.575,24.534,NA,0.05880,9036.572701,0.05917,8639.387470,NA,NA,adj,0.05880,9036.572701,24.63380,1.861
g7jac120sc,35550,35550,475296,0.13289,6.97361,915.598,30.044,30.701,NA,0.06832,9587.529909,0.06851,9192.944441,NA,NA,adj,0.06832,9587.529909,30.11232,1.945
g7jac140sc,41490,41490,565956,0.15218,7.78633,952.031,35.994,37.005,NA,0.07651,10171.734360,0.07594,9852.427020,NA,NA,iter,0.07594,9852.427020,37.08094,2.004
g7jac160,47430,47430,656616,0.17463,9.05421,962.554,45.469,45.712,NA,0.08192,11007.256058,0.08223,10541.410526,NA,NA,adj,0.08192,11007.256058,45.55092,2.132
g7jac180,53370,53370,747276,0.19939,10.08762,959.424,62.614,53.621,NA,0.08618,11895.437513,0.08579,11485.318694,NA,NA,iter,0.08579,11485.318694,53.70679,2.324
g7jac200,59310,59310,837936,0.22172,11.19744,967.504,53.218,53.676,NA,0.09443,12165.690864,0.09427,11710.355555,NA,NA,iter,0.09427,11710.355555,53.77027,2.352
Ga10As10H30,113081,113081,6002552,1.35559,34.71885,1133.566,316.939,512.372,NA,0.37411,20084.655286,0.34044,19506.718914,NA,NA,iter,0.34044,19506.718914,512.71244,3.982
Ga19As19H42,133123,133123,8751716,2.01771,41.12598,1110.387,447.092,491.901,NA,0.51130,19910.085997,0.45189,19516.612723,NA,NA,iter,0.45189,19516.612723,492.35289,4.465
Ga3As3H12,61349,61349,5909598,1.28592,24.47941,1176.480,242.466,365.284,NA,0.35711,16206.824729,0.34105,15252.795800,NA,NA,iter,0.34105,15252.795800,365.62505,3.770
GaAsH6,61349,61349,3320460,0.72944,15.46546,1165.335,184.108,233.303,NA,0.28924,13661.119961,0.29118,12453.959976,NA,NA,adj,0.28924,13661.119961,184.39724,2.522
gas_sensor,66917,66917,1636448,0.28102,13.50819,1490.726,99.833,90.775,NA,0.10723,16467.838602,0.09560,15997.257398,NA,NA,iter,0.09560,15997.257398,90.87060,2.940
Ge87H76,112985,112985,7779210,1.76609,39.67501,1127.618,377.168,399.694,NA,0.45939,19253.640735,0.38392,19496.767536,NA,NA,iter,0.38392,19496.767536,400.07792,4.600
gearbox,153746,153746,8926658,1.16717,45.06515,1957.919,324.088,231.482,NA,0.27019,18476.222088,0.23800,16234.058689,NA,NA,iter,0.23800,16234.058689,231.72000,4.904
GL7d14,171375,47271,1831183,0.85719,20.36370,546.885,186.356,212.916,NA,0.26442,14743.272848,0.27709,14065.099661,NA,NA,adj,0.26442,14743.272848,186.62042,3.242
GL7d16,955128,460261,14488881,8.97292,220.42680,413.372,1512.14,1512.87,NA,2.68671,11387.578969,2.67029,11453.333167,NA,NA,iter,2.67029,11453.333167,1515.54029,3.360
GL7d17,1548650,955128,25978098,16.38804,310.74161,405.808,2674.52,2651.02,NA,5.10017,10727.008646,5.09641,10731.009830,NA,NA,iter,5.09641,10731.009830,2656.11641,3.216
GL7d19,1911130,1955309,37322725,23.66863,419.18634,403.683,3737.22,3793.35,NA,7.45182,10478.562209,7.44841,10477.133813,NA,NA,iter,7.44841,10477.133813,3800.79841,3.178
GL7d21,822922,1437547,18174775,11.46810,269.67374,405.712,2619.56,1970.68,NA,3.70446,10251.978248,3.69541,10265.307383,NA,NA,iter,3.69541,10265.307383,1974.37541,3.103
GL7d22,349443,822922,8251000,5.14906,139.70515,410.222,848.472,823.529,NA,1.71229,10063.993699,1.70564,10088.116993,NA,NA,iter,1.70564,10088.116993,825.23464,3.019
GL7d24,21074,105054,593892,0.36252,12.53002,419.386,62.169,61.968,NA,0.35228,3485.936697,0.35090,3492.895596,NA,NA,iter,0.35090,3492.895596,62.31890,1.033
great-britain_osm,7733822,7733822,16313034,15.19501,1326.08618,274.836,1232.78,1255.53,NA,6.07590,5260.948910,6.07549,5261.168711,NA,NA,iter,6.07549,5261.168711,1261.60549,2.501
gsm_106857,589446,589446,21169478,8.98957,153.69884,602.853,1776.78,1741,NA,2.64161,12121.917805,2.56066,12388.790784,NA,NA,iter,2.56066,12388.790784,1743.56066,3.511
gupta3,16783,16783,9306644,1.76209,16.91324,1352.085,188.231,1263.8,NA,1.72792,2246.686644,1.69554,2188.032312,NA,NA,iter,1.69554,2188.032312,1265.49554,1.039
gyro_k,17361,17361,1003798,0.15684,4.07902,1638.479,36.681,32.451,NA,0.06867,9575.663813,0.05947,9304.232213,NA,NA,iter,0.05947,9304.232213,32.51047,2.637
H2O,67024,67024,2149712,0.52291,14.52449,1052.427,150.742,158.594,NA,0.16132,20163.210172,0.16249,18645.625612,NA,NA,adj,0.16132,20163.210172,150.90332,3.241
halfb,224617,224617,12163204,1.54405,63.27229,2016.633,247.509,236.889,NA,0.36600,14348.036310,0.31517,13286.477297,NA,NA,iter,0.31517,13286.477297,237.20417,4.899
hangGlider_4,15561,15561,140888,0.06846,2.67304,526.802,9.348,53.456,NA,1.90822,137.667827,1.96475,118.880379,NA,NA,adj,1.90822,137.667827,11.25622,0.036
hcircuit,105676,105676,513072,0.24933,18.40129,526.807,29.269,30.121,NA,0.39776,1611.368528,0.31070,2022.384839,NA,NA,iter,0.31070,2022.384839,30.43170,0.802
helm3d01,32226,32226,396218,0.15736,8.98451,644.566,35.064,35.909,NA,0.06380,9895.975280,0.05843,10656.571765,NA,NA,iter,0.05843,10656.571765,35.96743,2.693
HEP-th-new,27770,27770,352807,0.11176,5.26980,808.152,43.08,38.819,NA,0.10877,6702.165114,0.10402,6753.794698,NA,NA,iter,0.10402,6753.794698,38.92302,1.074
hollywood-2009,1139905,1139905,112751422,27.63156,384.89630,1044.616,6892.18,8532.58,NA,8.58966,15091.066153,7.67353,14684.113312,NA,NA,iter,7.67353,14684.113312,8540.25353,3.601
Hook_1498,1498023,1498023,59419422,9.99655,411.82318,1521.662,2137.06,2060,NA,2.73832,15141.621401,2.20365,14541.977225,NA,NA,iter,2.20365,14541.977225,2062.20365,4.536
HTC_336_4438,226340,226340,678182,0.54098,38.77370,320.927,81.174,138.878,NA,1.48689,1160.364786,1.08884,1547.485284,NA,NA,iter,1.08884,1547.485284,139.96684,0.497
hugetrace-00000,4588484,4588484,13758266,10.68380,883.89832,329.669,1114.66,1173.12,NA,4.22009,6323.952064,4.22028,6323.671741,NA,NA,adj,4.22009,6323.952064,1118.88009,2.532
hugetric-00010,6592765,6592765,19771708,16.11497,1566.16443,314.090,1774.62,1876.97,NA,6.35841,6222.719790,6.35691,6224.312453,NA,NA,iter,6.35691,6224.312453,1883.32691,2.535
human_gene1,22283,22283,24647360,5.49929,48.85253,1147.371,1528.29,5900.48,NA,2.01318,15373.818528,1.58583,15982.106331,NA,NA,iter,1.58583,15982.106331,5902.06583,3.468
human_gene2,14340,14340,18054048,3.90662,34.45815,1183.078,924.815,3430.86,NA,1.22751,16065.268458,1.03920,15354.128626,NA,NA,iter,1.03920,15354.128626,3431.89920,3.759
hvdc1,24842,24842,159981,0.08952,4.18668,457.507,7.496,7.538,NA,0.05908,2956.533712,0.05226,3192.476355,NA,NA,iter,0.05226,3192.476355,7.59026,1.713
ia2010,216007,216007,1021170,0.64762,39.31955,403.663,103.302,104.697,NA,0.20423,10229.282438,0.20935,9931.989758,NA,NA,adj,0.20423,10229.282438,103.50623,3.171
iChem_Jacobian,274087,274087,4137369,1.35789,55.98427,780.012,223.63,242.073,NA,0.39145,13460.708919,0.35178,13499.457756,NA,NA,iter,0.35178,13499.457756,242.42478,3.860
id2010,149842,149842,728264,0.47823,26.00758,389.846,76.016,77.704,NA,0.15245,10137.775564,0.15407,9922.850224,NA,NA,adj,0.15245,10137.775564,76.16845,3.137
IG5-16,18846,18485,588326,0.14762,5.04495,1020.266,59.504,52.706,NA,0.07750,11915.039892,0.07748,11473.645453,NA,NA,iter,0.07748,11473.645453,52.78348,1.905
IG5-18,47894,41550,1790490,0.43149,11.05250,1062.278,161.176,226.948,NA,0.15014,19468.448586,0.14578,19511.098121,NA,NA,iter,0.14578,19511.098121,227.09378,2.960
il2010,451554,451554,2164464,1.37576,128.09146,402.760,214.923,218.685,NA,0.46647,9669.122173,0.46406,9682.333727,NA,NA,iter,0.46406,9682.333727,219.14906,2.965
Ill_Stokes,20896,20896,191368,0.09814,3.82200,499.186,22.831,23.367,NA,0.04186,9571.037349,0.04180,9577.266320,NA,NA,iter,0.04180,9577.266320,23.40880,2.348
IMDB,428440,896308,3782463,2.38190,142.75217,406.528,410.665,401.898,NA,1.00622,8507.628316,0.97984,8348.030131,NA,NA,iter,0.97984,8348.030131,402.87784,2.431
in2010,267071,267071,1281716,0.80775,52.29184,406.213,130.221,148.799,NA,0.26290,10135.078138,0.25979,10206.574723,NA,NA,iter,0.25979,10206.574723,149.05879,3.109
inline_1,503712,503712,36312630,4.77719,155.27370,1945.923,1619.5,1564.47,NA,2.12279,11310.029668,1.54753,11358.532818,NA,NA,iter,1.54753,11358.532818,1566.01753,3.087
ins2,309412,309412,2442072,1.10528,54.68739,565.620,181.992,34824.3,NA,44.86687,99.364016,45.07937,89.608794,NA,NA,adj,44.86687,99.364016,226.85887,0.025
invextr1_new,30412,30412,1793881,0.30335,7.34931,1513.881,82.058,81.765,NA,0.11192,13794.547278,0.09206,14445.205781,NA,NA,iter,0.09206,14445.205781,81.85706,3.295
jan99jac060,20614,20614,127182,0.06826,3.59960,476.980,8.405,8.206,NA,0.03000,6437.133196,0.02824,6335.025275,NA,NA,iter,0.02824,6335.025275,8.23424,2.417
jan99jac060sc,20614,20614,127182,0.06840,3.97995,475.981,9.085,7.609,NA,0.03011,6415.238019,0.02824,6335.025275,NA,NA,iter,0.02824,6335.025275,7.63724,2.422
jan99jac080sc,27534,27534,171522,0.08860,4.82549,495.614,11.813,13.097,NA,0.03633,7183.765486,0.03424,7044.975899,NA,NA,iter,0.03424,7044.975899,13.13124,2.588
jan99jac100sc,34454,34454,215862,0.10822,6.79796,510.650,16.08,16.945,NA,0.04318,7626.419850,0.04131,7357.461607,NA,NA,iter,0.04131,7357.461607,16.98631,2.620
jan99jac120sc,41374,41374,260202,0.12802,7.93526,520.321,19.085,17.853,NA,0.05009,7928.045794,0.04758,7698.321159,NA,NA,iter,0.04758,7698.321159,17.90058,2.691
jnlbrng1,40000,40000,159200,0.11577,7.48618,352.025,15.827,13.35,NA,0.04461,9090.256818,0.04188,7803.618689,NA,NA,iter,0.04188,7803.618689,13.39188,2.764
juba40k,40337,40337,144945,0.10240,7.52799,362.363,10.295,10.542,NA,0.04372,5089.274103,0.04296,5128.999307,NA,NA,iter,0.04296,5128.999307,10.58496,2.384
k3plates,11107,11107,378927,0.04499,2.21927,2155.965,9.988,9.464,NA,0.02236,8399.999619,0.01923,8080.085279,NA,NA,iter,0.01923,8080.085279,9.48323,2.340
kim1,38415,38415,933195,0.13998,9.23468,1706.648,32.228,26.146,NA,0.05386,12970.342192,0.04807,11292.032655,NA,NA,iter,0.04807,11292.032655,26.19407,2.912
kim2,456976,456976,11330020,1.56223,96.29528,1856.625,354.892,311.469,NA,0.55370,15127.740766,0.48245,13516.152390,NA,NA,iter,0.48245,13516.152390,311.95145,3.238
kneser_10_4_1,349651,330751,992252,0.78354,56.54079,324.191,93.84,105.134,NA,0.35238,7135.557296,0.34851,6780.983952,NA,NA,iter,0.34851,6780.983952,105.48251,2.248
kron_g500-logn17,131072,131072,10227970,2.61319,44.83079,1001.980,1194.95,4889.96,NA,5.36355,5540.439763,5.27937,5098.172104,NA,NA,iter,5.27937,5098.172104,4895.23937,0.495
kron_g500-logn19,524288,524288,43561574,16.93151,202.47324,658.639,5432.66,38551.6,NA,17.66789,7691.137507,17.27615,7195.235383,NA,NA,iter,17.27615,7195.235383,38568.87615,0.980
kron_g500-logn20,1048576,1048576,89238804,39.91953,353.05869,572.280,10996.8,110518,NA,30.16995,9503.736459,29.39371,8973.996076,NA,NA,iter,29.39371,8973.996076,110547.39371,1.358
ky2010,161672,161672,787778,0.50384,28.44125,400.265,92.166,82.102,NA,0.15991,10227.581816,0.16366,9916.556028,NA,NA,adj,0.15991,10227.581816,92.32591,3.151
laminar_duct3D,67173,67173,3833077,0.54004,16.85014,1817.038,119.254,103.902,NA,0.15380,15472.490202,0.12417,13906.876552,NA,NA,iter,0.12417,13906.876552,104.02617,4.349
largebasis,440020,440020,5560100,1.25927,85.02261,1130.322,207.592,183.323,NA,0.48087,9029.301543,0.46584,8617.180877,NA,NA,iter,0.46584,8617.180877,183.78884,2.703
LargeRegFile,2111154,801374,4944201,3.70330,254.92212,341.781,250.975,245.575,NA,1.50096,4430.744071,1.50094,4414.758147,NA,NA,iter,1.50094,4414.758147,247.07594,2.467
LeGresley_87936,87936,87936,593276,0.29619,15.41487,512.781,50.783,57.357,NA,0.10369,9441.042608,0.10084,9522.015057,NA,NA,iter,0.10084,9522.015057,57.45784,2.937
lhr10c,10672,10672,232633,0.05528,2.17380,1077.341,7.313,6.924,NA,0.02310,7565.957618,0.01835,8916.071306,NA,NA,iter,0.01835,8916.071306,6.94235,3.013
lhr11,10964,10964,233741,0.05575,2.28758,1073.388,6.727,7.249,NA,0.02277,7778.417483,0.01886,8804.885332,NA,NA,iter,0.01886,8804.885332,7.26786,2.956
lhr14,14270,14270,307858,0.07234,2.96026,1089.532,9.754,9.446,NA,0.02585,8972.425099,0.02150,10128.762266,NA,NA,iter,0.02150,10128.762266,9.46750,3.365
lhr17,17576,17576,381975,0.08817,3.73676,1109.103,12.444,12.714,NA,0.03060,9416.867676,0.02835,9511.064676,NA,NA,iter,0.02835,9511.064676,12.74235,3.110
lhr34,35152,35152,764014,0.16869,7.11955,1159.424,25.555,26.054,NA,0.05177,11123.418054,0.04741,11365.875062,NA,NA,iter,0.04741,11365.875062,26.10141,3.558
lhr34c,35152,35152,764014,0.16859,7.47017,1160.128,25.916,23.718,NA,0.05186,11105.845379,0.04745,11356.064132,NA,NA,iter,0.04745,11356.064132,23.76545,3.553
lhr71c,70304,70304,1528092,0.32797,15.09982,1192.760,64.579,59.073,NA,0.08675,13277.431149,0.08090,13323.342416,NA,NA,iter,0.08090,13323.342416,59.15390,4.054
light_in_tissue,29282,29282,406084,0.13449,5.88729,772.985,24.593,22.646,NA,0.04602,10425.989684,0.04084,10232.296638,NA,NA,iter,0.04084,10232.296638,22.68684,3.293
Linux_call_graph,324085,324085,1208908,0.69014,54.51257,448.435,129.336,130.908,NA,0.36119,6561.760316,0.35781,6233.964659,NA,NA,iter,0.35781,6233.964659,131.26581,1.929
ljournal-2008,5363260,5363260,79023142,30.44205,1064.12231,664.539,6195.06,6430.73,NA,11.17825,11249.938953,10.63330,10659.205594,NA,NA,iter,10.63330,10659.205594,6441.36330,2.863
Long_Coup_dt6,1470152,1470152,85618840,11.38119,472.97992,1925.847,3171.72,2002.43,NA,2.68886,14199.006749,2.14606,15762.232632,NA,NA,iter,2.14606,15762.232632,2004.57606,5.303
lowThrust_11,18368,18368,213598,0.07245,3.14409,754.710,15.1,29.212,NA,1.12552,307.789734,1.02480,305.905389,NA,NA,iter,1.02480,305.905389,30.23680,0.071
lowThrust_13,18476,18476,214634,0.07410,3.46934,741.549,15.589,25.747,NA,1.14731,303.971718,1.05798,298.015839,NA,NA,iter,1.05798,298.015839,26.80498,0.070
lowThrust_4,13562,13562,153414,0.05399,2.44221,727.494,10.071,15.736,NA,0.79704,319.975335,0.78832,293.546699,NA,NA,iter,0.78832,293.546699,16.52432,0.068
lowThrust_6,16928,16928,197946,0.07217,3.24022,702.135,12.821,22.313,NA,1.06242,300.840460,1.05120,274.812969,NA,NA,iter,1.05120,274.812969,23.36420,0.069
lowThrust_8,17702,17702,206612,0.07555,4.26261,700.095,13.207,23.306,NA,1.11841,298.904968,1.05456,286.428949,NA,NA,iter,1.05456,286.428949,24.36056,0.072
lp1,534388,534388,1109032,1.18137,89.41268,240.325,125.136,22290.4,NA,38.59892,84.293362,38.60484,83.981661,NA,NA,adj,38.59892,84.293362,163.73492,0.031
lp_ken_18,105127,154699,358171,0.28273,21.11135,324.312,35.502,36.902,NA,0.55337,1489.622506,0.56549,1452.064283,NA,NA,adj,0.55337,1489.622506,36.05537,0.511
lpl3,10828,33686,100525,0.07870,5.65836,326.996,7.179,7.192,NA,0.39578,470.271686,0.38279,481.771986,NA,NA,iter,0.38279,481.771986,7.57479,0.206
lp_nug20,15240,72600,304800,0.18637,13.16627,418.681,27.541,28.99,NA,0.05132,12611.013619,0.04809,13012.606746,NA,NA,iter,0.04809,13012.606746,29.03809,3.875
lp_osa_60,10280,243246,1408073,0.86702,25.28104,415.754,149.042,14478.4,NA,32.52963,105.665650,29.12203,84.986086,NA,NA,iter,29.12203,84.986086,14507.52203,0.030
lp_pds_20,33874,108175,232647,0.17875,18.31842,333.191,24.169,25.687,NA,0.07459,7337.067495,0.07344,6843.948566,NA,NA,iter,0.07344,6843.948566,25.76044,2.434
luxembourg_osm,114599,114599,239332,0.23257,19.56561,263.442,16.259,17.726,NA,0.09384,5022.435656,0.09486,4967.875776,NA,NA,adj,0.09384,5022.435656,16.35284,2.478
m133-b3,200200,200200,800800,0.48638,31.79736,421.494,90.051,71.2,NA,0.18678,7725.789817,0.19014,7589.315022,NA,NA,adj,0.18678,7725.789817,90.23778,2.604
m14b,214765,214765,3358036,1.50571,41.48217,570.931,335.214,281.344,NA,0.43452,12493.001049,0.42031,12636.748700,NA,NA,iter,0.42031,12636.748700,281.76431,3.582
ma2010,157508,157508,776610,0.50356,28.05927,394.812,94.314,92.231,NA,0.16515,9800.992141,0.16812,9547.764251,NA,NA,adj,0.16515,9800.992141,94.47915,3.049
majorbasis,160000,160000,1750416,0.60617,29.17755,739.246,98.647,93.509,NA,0.20900,11083.508402,0.19839,9893.011299,NA,NA,iter,0.19839,9893.011299,93.70739,3.055
Maragal_7,46845,26564,1200537,0.36655,8.75667,838.458,92.806,551.114,NA,1.73347,1311.367871,1.17623,1572.726435,NA,NA,iter,1.17623,1572.726435,552.29023,0.312
Maragal_8,33212,75077,1308415,0.36702,16.99103,912.627,105.391,211.163,NA,1.20310,2103.872652,0.85228,2323.239113,NA,NA,iter,0.85228,2323.239113,212.01528,0.431
mario002,389874,389874,1867114,1.13649,77.91277,420.575,175.658,179.89,NA,0.43772,7729.752493,0.43334,7777.909854,NA,NA,iter,0.43334,7777.909854,180.32334,2.623
mark3jac040sc,18289,18289,113435,0.06326,3.30597,459.028,7.443,8.531,NA,0.02839,6162.193541,0.02679,6271.559882,NA,NA,iter,0.02679,6271.559882,8.55779,2.361
mark3jac060sc,27449,27449,170695,0.09124,5.06649,478.942,14.246,12.66,NA,0.03805,6924.039444,0.03621,6996.380256,NA,NA,iter,0.03621,6996.380256,12.69621,2.520
mark3jac080,36609,36609,227955,0.11665,6.53092,500.252,16.665,16.821,NA,0.04690,7499.039384,0.04456,7589.705749,NA,NA,iter,0.04456,7589.705749,16.86556,2.618
mark3jac100,45769,45769,285215,0.14057,8.20775,519.420,20.856,21.657,NA,0.05476,8038.892729,0.05292,8003.715526,NA,NA,iter,0.05292,8003.715526,21.70992,2.656
mark3jac120,54929,54929,342475,0.15892,10.06274,551.672,27.841,28.043,NA,0.06414,8239.080197,0.06185,8220.927301,NA,NA,iter,0.06185,8220.927301,28.10485,2.569
mark3jac140,64089,64089,399735,0.18522,11.77913,552.486,34.017,30.341,NA,0.07195,8576.145807,0.06998,8485.104037,NA,NA,iter,0.06998,8485.104037,30.41098,2.647
mark3jac140sc,64089,64089,399735,0.18469,11.49299,554.079,34.671,30.381,NA,0.07100,8689.933436,0.06885,8623.914366,NA,NA,iter,0.06885,8623.914366,30.44985,2.682
matrix-new_3,125329,125329,2678750,0.50635,41.17203,1354.327,100.982,106.788,NA,3.48619,618.263009,2.61868,726.078277,NA,NA,iter,2.61868,726.078277,109.40668,0.193
md2010,145247,145247,700378,0.45588,26.55848,393.294,80.684,81.76,NA,0.14449,10264.946939,0.14774,9943.776015,NA,NA,adj,0.14449,10264.946939,80.82849,3.155
me2010,69518,69518,335476,0.20834,12.92570,412.225,37.733,42.331,NA,0.08155,8435.559908,0.08172,8331.227832,NA,NA,adj,0.08155,8435.559908,37.81455,2.555
memplus,17758,17758,126150,0.06865,3.66525,470.428,7.164,7.917,NA,0.14438,1147.007071,0.12149,1239.919083,NA,NA,iter,0.12149,1239.919083,8.03849,0.565
minsurfo,40806,40806,162816,0.11743,7.57960,354.947,15.225,13.273,NA,0.04575,9077.887140,0.04282,7785.748113,NA,NA,iter,0.04282,7785.748113,13.31582,2.742
mixtank_new,29957,29957,1995041,0.32891,7.76374,1552.803,109.005,107.144,NA,0.11708,15779.744641,0.09806,16265.663696,NA,NA,iter,0.09806,16265.663696,107.24206,3.354
mk12-b3,51975,13860,207900,0.08582,6.20333,620.199,16.686,16.251,NA,0.05018,6533.877474,0.05010,6544.395604,NA,NA,iter,0.05010,6544.395604,16.30110,1.713
mk13-b5,135135,270270,810810,0.47178,35.88902,439.969,68.461,76.325,NA,0.16617,8768.252564,0.16595,8777.193632,NA,NA,iter,0.16595,8777.193632,76.49095,2.843
ML_Laplace,377002,377002,27689972,2.95164,181.70840,2401.592,584.193,542.798,NA,0.65827,18844.080330,0.55052,17610.118653,NA,NA,iter,0.55052,17610.118653,543.34852,5.362
mo2010,343565,343565,1656568,1.03049,58.81431,411.533,191.543,190.319,NA,0.33819,10171.380549,0.33303,10264.067283,NA,NA,iter,0.33303,10264.067283,190.65203,3.094
mod2,34774,66409,199810,0.12650,9.61647,404.343,14.791,15.16,NA,0.19919,1902.200284,0.19831,1881.565645,NA,NA,iter,0.19831,1881.565645,15.35831,0.638
mouse_gene,45101,45101,28922190,6.79166,65.78575,1090.173,2457.34,3887.22,NA,2.51312,19114.315481,2.13033,18290.528832,NA,NA,iter,2.13033,18290.528832,3889.35033,3.188
mri2,63240,147456,569160,0.17168,19.72287,848.682,35.104,26.602,NA,0.07817,9911.448884,0.06728,7138.046913,NA,NA,iter,0.06728,7138.046913,26.66928,2.552
msc10848,10848,10848,1218930,0.14500,3.83942,2152.066,32.914,33.482,NA,0.15569,4098.289846,0.11698,4226.050281,NA,NA,iter,0.11698,4226.050281,33.59898,1.240
msc23052,23052,23052,1131762,0.15909,4.83693,1821.193,31.847,26.754,NA,0.07178,8172.553697,0.05663,8361.663352,NA,NA,iter,0.05663,8361.663352,26.81063,2.809
mt2010,132288,132288,638668,0.41558,22.92321,393.423,72.67,73.329,NA,0.13130,10225.424804,0.13279,9988.648963,NA,NA,adj,0.13130,10225.424804,72.80130,3.165
mult_dcop_02,25187,25187,193276,0.10949,4.90225,451.917,17.378,167.675,NA,3.37588,117.730134,3.36222,114.349066,NA,NA,iter,3.36222,114.349066,171.03722,0.033
n4c6-b10,132402,186558,1456422,0.73443,41.69439,507.662,145.855,125.404,NA,0.20247,13095.683531,0.21191,12493.669272,NA,NA,adj,0.20247,13095.683531,146.05747,3.627
n4c6-b11,69235,132402,830820,0.41273,19.08297,515.321,71.802,71.957,NA,0.12003,12700.630949,0.12526,12138.129488,NA,NA,adj,0.12003,12700.630949,71.92203,3.439
n4c6-b5,51813,20058,310878,0.13226,7.43548,601.751,23.808,26.075,NA,0.05874,8925.523161,0.05890,8897.913728,NA,NA,adj,0.05874,8925.523161,23.86674,2.252
n4c6-b7,163215,104115,1305720,0.59302,25.44305,563.666,95.469,100.452,NA,0.19380,11835.231817,0.20267,11309.943508,NA,NA,adj,0.19380,11835.231817,95.66280,3.060
n4c6-b8,198895,163215,1790055,0.85897,32.47874,533.494,144.571,148.229,NA,0.25482,12507.448608,0.26687,11938.791862,NA,NA,adj,0.25482,12507.448608,144.82582,3.371
NACA0015,1039183,1039183,6229636,3.66766,211.43210,434.824,639.88,574.363,NA,1.42258,7911.364336,1.42035,7914.085985,NA,NA,iter,1.42035,7914.085985,575.78335,2.582
nc2010,288987,288987,1416620,0.88610,48.90469,409.269,143.834,170.511,NA,0.29219,10126.798737,0.28727,10218.464095,NA,NA,iter,0.28727,10218.464095,170.79827,3.085
ncvxqp3,75000,75000,449964,0.30437,14.13453,378.452,49.282,49.401,NA,0.10031,10711.310645,0.10035,10706.938649,NA,NA,adj,0.10031,10711.310645,49.38231,3.034
ncvxqp5,62500,62500,374966,0.25334,11.69663,378.907,41.639,41.786,NA,0.09077,10148.735959,0.09075,10151.026903,NA,NA,iter,0.09075,10151.026903,41.87675,2.792
nd12k,36000,36000,14184946,1.19808,29.80744,3030.972,277.139,377.404,NA,0.34417,16938.101147,0.26591,16656.561735,NA,NA,iter,0.26591,16656.561735,377.66991,4.506
nd24k,72000,72000,28643634,2.47691,60.36829,2960.451,555.335,760.606,NA,0.60930,19341.063564,0.48347,18468.142113,NA,NA,iter,0.48347,18468.142113,761.08947,5.123
ne2010,193352,193352,913854,0.57500,36.73982,406.864,93.262,95.398,NA,0.18500,10173.895607,0.18928,9888.428074,NA,NA,adj,0.18500,10173.895607,93.44700,3.108
neos,479119,515905,1526794,0.94910,88.77524,411.819,105.812,109.687,NA,0.40436,6734.278950,0.40489,6724.613006,NA,NA,adj,0.40436,6734.278950,106.21636,2.347
neos2,132568,134128,685087,0.26615,22.87638,658.948,46.258,41.772,NA,0.11719,8837.469728,0.12079,8570.226895,NA,NA,adj,0.11719,8837.469728,46.37519,2.271
net100,29920,29920,2003280,0.35731,9.36436,1435.261,125.597,123.202,NA,0.34509,8285.625991,0.21271,11462.660847,NA,NA,iter,0.21271,11462.660847,123.41471,1.680
net150,43520,43520,3077680,0.62898,12.44918,1252.637,205.136,224.749,NA,0.57914,7838.013118,0.38996,9574.959332,NA,NA,iter,0.38996,9574.959332,225.13896,1.613
net4-1,88343,88343,2353384,0.57131,17.95243,1054.535,188.074,187.957,NA,2.83273,1457.174421,2.35670,1707.910588,NA,NA,iter,2.35670,1707.910588,190.31370,0.242
net75,23120,23120,1466080,0.27034,6.14613,1388.333,99.181,101.697,NA,0.26612,8164.999383,0.16222,11049.917924,NA,NA,iter,0.16222,11049.917924,101.85922,1.667
nh2010,48837,48837,234550,0.15530,9.15736,386.638,26.457,24.306,NA,0.05542,8742.054319,0.05489,8747.462955,NA,NA,iter,0.05489,8747.462955,24.36089,2.829
nj2010,169588,169588,829912,0.52871,38.80580,401.840,94.042,95.687,NA,0.16714,10186.594810,0.17109,9882.691144,NA,NA,adj,0.16714,10186.594810,94.20914,3.163
nlpkkt80,1062400,1062400,27642272,4.81913,198.27354,1468.403,1895.82,1287.45,NA,1.89426,15627.907374,1.50311,16696.994184,NA,NA,iter,1.50311,16696.994184,1288.95311,3.206
nm2010,168609,168609,830970,0.54016,38.77898,393.827,96.689,122.147,NA,0.17273,10124.732712,0.17598,9844.478590,NA,NA,adj,0.17273,10124.732712,96.86173,3.127
NotreDame_actors,392400,127823,1470404,1.06709,93.67122,352.758,178.62,176.739,NA,0.46682,6973.203229,0.43708,6923.962143,NA,NA,iter,0.43708,6923.962143,177.17608,2.441
NotreDame_www,325729,325729,929849,0.60944,70.08478,390.588,63.561,67.846,NA,0.21287,6416.952118,0.20208,6280.976743,NA,NA,iter,0.20208,6280.976743,68.04808,3.016
nsct,23003,37563,697738,0.18229,7.84939,979.883,31.954,35.37,NA,0.21174,3260.044409,0.15897,3924.967810,NA,NA,iter,0.15897,3924.967810,35.52897,1.147
nv2010,84538,84538,416998,0.27554,18.55967,387.429,47.893,49.142,NA,0.09101,9619.442279,0.09265,9336.162711,NA,NA,adj,0.09101,9619.442279,47.98401,3.028
obstclae,40000,40000,157608,0.11553,8.83908,349.247,14.552,12.685,NA,0.04389,9054.969585,0.04092,7730.930622,NA,NA,iter,0.04092,7730.930622,12.72592,2.823
offshore,259789,259789,3982884,1.13709,52.73265,896.690,529.021,476.838,NA,0.43309,15248.158368,0.41460,15774.115414,NA,NA,iter,0.41460,15774.115414,477.25260,2.743
ohne2,181343,181343,11063545,1.99385,46.35377,1420.501,517.464,498.169,NA,1.36946,7437.937459,0.84421,9509.871124,NA,NA,iter,0.84421,9509.871124,499.01321,2.362
ok2010,269118,269118,1274148,0.81701,46.48273,399.239,130.06,152.479,NA,0.25766,10493.029084,0.26165,10269.955761,NA,NA,adj,0.25766,10493.029084,130.31766,3.171
olesnik0,88263,88263,683186,0.27773,16.77523,629.741,49.187,52.818,NA,0.09839,10019.317668,0.09443,9451.138678,NA,NA,iter,0.09443,9451.138678,52.91243,2.941
onera_dual,85567,85567,333634,0.21074,15.80424,405.295,36.027,35.88,NA,0.08475,7229.773110,0.08331,6776.401552,NA,NA,iter,0.08331,6776.401552,35.96331,2.530
onetone2,36057,36057,227628,0.10881,8.06453,535.567,15.655,14.699,NA,0.03805,7775.242426,0.03699,7619.047557,NA,NA,iter,0.03699,7619.047557,14.73599,2.942
OPF_3754,15435,15435,142838,0.04231,2.88442,864.244,7.436,6.451,NA,0.02945,5743.532658,0.02910,4417.171026,NA,NA,iter,0.02910,4417.171026,6.48010,1.454
opt1,15449,15449,1915206,0.21094,5.26125,2324.279,38.539,46.562,NA,0.05634,15405.598005,0.04622,15873.815105,NA,NA,iter,0.04622,15873.815105,46.60822,4.564
or2010,196621,196621,979512,0.62669,52.19669,400.129,99.424,100.783,NA,0.19548,10590.340193,0.19915,10292.652502,NA,NA,adj,0.19548,10590.340193,99.61948,3.206
p2p-Gnutella31,62586,62586,147892,0.13652,11.51427,277.325,18.376,18.3,NA,0.06648,6176.709727,0.06498,6046.517593,NA,NA,iter,0.06498,6046.517593,18.36498,2.101
packing-500x100x100-b050,2145852,2145852,34976486,8.86981,426.35068,1009.490,3072.35,2680.98,NA,2.82952,16281.933375,2.58040,15783.917750,NA,NA,iter,2.58040,15783.917750,2683.56040,3.437
para-10,155924,155924,5416358,1.36026,33.56539,1019.356,376.543,425.967,NA,1.70441,3947.479655,1.26697,4931.462578,NA,NA,iter,1.26697,4931.462578,427.23397,1.074
para-5,155924,155924,5416358,1.36466,33.52687,1016.065,352.706,353.003,NA,1.70430,3947.722809,1.34346,4650.689492,NA,NA,iter,1.34346,4650.689492,354.34646,1.016
para-7,155924,155924,5416358,1.31035,33.41647,1058.180,354.326,357.384,NA,1.60319,4196.696503,1.26179,4951.713132,NA,NA,iter,1.26179,4951.713132,358.64579,1.038
para-9,155924,155924,5416358,1.36241,33.23346,1017.745,356.511,394.814,NA,1.60749,4185.471850,1.34392,4649.121222,NA,NA,iter,1.34392,4649.121222,396.15792,1.014
parabolic_fem,525825,525825,3148800,1.85100,120.83260,435.490,275.457,275.6,NA,0.68704,8944.222747,0.68395,8984.419643,NA,NA,iter,0.68395,8984.419643,276.28395,2.706
patents_main,240547,240547,560943,0.51765,43.76175,277.409,69.663,70.113,NA,0.20836,6583.369564,0.20775,6456.782372,NA,NA,iter,0.20775,6456.782372,70.32075,2.492
pcrystk02,13965,13965,954618,0.07574,3.63926,3226.805,24.383,22.318,NA,0.03330,14551.537147,0.02589,13735.443448,NA,NA,iter,0.02589,13735.443448,22.34389,2.925
pct20stif,52329,52329,2646134,0.36265,12.56664,1867.967,63.706,67.924,NA,0.12835,10497.909703,0.10017,10318.053099,NA,NA,iter,0.10017,10318.053099,68.02417,3.620
pdb1HYS,36417,36417,4308348,0.44528,12.41945,2476.973,103.731,96.048,NA,0.11272,17805.523254,0.08620,17180.707388,NA,NA,iter,0.08620,17180.707388,96.13420,5.166
pds-100,156243,514577,1096002,0.74582,62.50425,376.199,110.542,117.97,NA,0.28348,9131.744169,0.27599,8663.460860,NA,NA,iter,0.27599,8663.460860,118.24599,2.702
pds-40,66844,217531,466800,0.33139,25.05162,360.608,53.258,50.888,NA,0.12730,8597.426227,0.12558,8039.399704,NA,NA,iter,0.12558,8039.399704,51.01358,2.639
pds-60,99431,336421,719557,0.49977,40.06699,368.580,81.301,72.117,NA,0.18661,9070.412179,0.18004,8634.649416,NA,NA,iter,0.18004,8634.649416,72.29704,2.776
pds-70,114944,390005,833465,0.56672,46.40728,376.493,92.858,90.179,NA,0.21776,9000.507707,0.21066,8559.518102,NA,NA,iter,0.21066,8559.518102,90.38966,2.690
pds-90,142823,475448,1014136,0.68991,60.46548,376.308,116.357,110.953,NA,0.25807,9262.929578,0.25051,8809.417914,NA,NA,iter,0.25051,8809.417914,111.20351,2.754
PFlow_742,742793,742793,36395668,5.44877,212.83513,1709.982,1482.26,1043.29,NA,1.39039,18850.775333,1.01255,16537.303522,NA,NA,iter,1.01255,16537.303522,1044.30255,5.381
pkustk02,10800,10800,799200,0.08505,4.57683,2405.526,16.649,16.402,NA,0.03852,8011.908543,0.03463,8016.085375,NA,NA,iter,0.03463,8016.085375,16.43663,2.456
pkustk03,63336,63336,3067080,0.36573,23.54045,2146.853,73.525,70.697,NA,0.09294,13918.025269,0.08866,13943.543112,NA,NA,iter,0.08866,13943.543112,70.78566,4.125
pkustk05,37164,37164,2167980,0.30394,10.02650,1826.006,59.671,56.454,NA,0.07600,12788.358640,0.07152,12774.799369,NA,NA,iter,0.07152,12774.799369,56.52552,4.250
pkustk07,16860,16860,2401944,0.32634,6.34001,1884.203,84.006,73.726,NA,0.13949,10884.040617,0.10150,11116.861732,NA,NA,iter,0.10150,11116.861732,73.82750,3.215
pkustk08,22209,22209,3204462,0.44071,8.74282,1861.414,108.967,100.234,NA,0.16312,12670.432594,0.11982,12817.707101,NA,NA,iter,0.11982,12817.707101,100.35382,3.678
pkustk10,80676,80676,4228308,0.48703,25.36411,2222.524,108.095,91.936,NA,0.12628,13849.627168,0.12206,13368.858582,NA,NA,iter,0.12206,13368.858582,92.05806,3.990
pkustk12,94653,94653,7417664,0.98580,84.01101,1926.266,210.732,316.086,NA,1.12937,3837.707918,0.75827,4578.571124,NA,NA,iter,0.75827,4578.571124,316.84427,1.300
pkustk14,151926,151926,14684578,2.17655,53.90595,1727.159,520.053,405.309,NA,0.47516,18403.551614,0.36938,17760.035061,NA,NA,iter,0.36938,17760.035061,405.67838,5.892
pli,22695,22695,1327614,0.23927,5.62979,1420.459,53.166,51.872,NA,0.06248,15761.389973,0.04905,14293.110194,NA,NA,iter,0.04905,14293.110194,51.92105,4.878
poisson3Da,13514,13514,352762,0.08153,4.25004,1107.686,33.677,33.128,NA,0.07932,7950.839304,0.07786,8066.070321,NA,NA,iter,0.07786,8066.070321,33.20586,1.047
PR02R,161070,161070,8185136,1.20709,45.85740,1735.902,207.638,195.251,NA,0.26167,18718.760662,0.22088,16094.751871,NA,NA,iter,0.22088,16094.751871,195.47188,5.465
preferentialAttachment,100000,100000,999970,0.58051,19.47448,440.982,104.583,103.894,NA,0.87599,2442.063868,0.93059,2296.916686,NA,NA,adj,0.87599,2442.063868,105.45899,0.663
Pres_Poisson,14822,14822,700982,0.07225,4.92933,2483.638,21.395,22.225,NA,0.03750,10800.655543,0.03127,9362.148090,NA,NA,iter,0.03127,9362.148090,22.25627,2.311
psse2,28634,11028,115262,0.05339,3.72451,552.656,5.765,6.623,NA,0.03416,4038.217928,0.03287,4175.950162,NA,NA,iter,0.03287,4175.950162,6.65587,1.624
pwtk,217918,217918,11416506,1.23879,49.76709,2359.259,266.12,266.348,NA,0.31877,14925.384312,0.26530,12148.840451,NA,NA,iter,0.26530,12148.840451,266.61330,4.669
qa8fm,66127,66127,1594452,0.25825,13.57861,1580.543,74.025,67.062,NA,0.10654,16310.034510,0.08794,15476.105833,NA,NA,iter,0.08794,15476.105833,67.14994,2.937
raefsky3,21200,21200,1488768,0.14395,6.22559,2647.640,23.228,23.365,NA,0.03453,12312.482649,0.03254,11758.991310,NA,NA,iter,0.03254,11758.991310,23.39754,4.424
rail_20209,20209,20209,119024,0.06365,3.77617,478.700,10.925,10.067,NA,0.02589,7439.240729,0.02554,7382.839114,NA,NA,iter,0.02554,7382.839114,10.09254,2.492
Raj1,263743,263743,1302464,0.73838,56.41806,451.570,95.935,674.863,NA,6.32662,335.691479,6.37010,319.243813,NA,NA,adj,6.32662,335.691479,102.26162,0.117
rajat10,30202,30202,100202,0.08598,5.28375,298.362,9.279,8.847,NA,0.03983,6241.233852,0.03779,6080.000124,NA,NA,iter,0.03779,6080.000124,8.88479,2.275
rajat15,37261,37261,443573,0.17949,7.12527,632.663,31.326,35.864,NA,0.46236,1434.360917,0.44374,1316.287447,NA,NA,iter,0.44374,1316.287447,36.30774,0.404
rajat17,94294,94294,641159,0.32006,23.11277,512.829,43.431,262.629,NA,4.29277,237.204683,4.29052,220.038374,NA,NA,iter,4.29052,220.038374,266.91952,0.075
rajat20,86916,86916,605045,0.29639,19.31117,522.597,43.757,300.949,NA,4.31278,220.255006,4.30698,204.011379,NA,NA,iter,4.30698,204.011379,305.25598,0.069
rajat21,411676,411676,1893370,1.05441,112.54718,459.690,134.844,4811.47,NA,17.74291,159.438017,17.68774,155.137150,NA,NA,iter,17.68774,155.137150,4829.15774,0.060
rajat23,110355,110355,556938,0.28549,25.15948,499.406,45.951,45.83,NA,0.59091,1474.624424,0.62564,1262.024981,NA,NA,adj,0.59091,1474.624424,46.54191,0.483
rajat25,87190,87190,607235,0.29655,18.96221,524.196,42.296,254.039,NA,4.31385,219.858806,4.29998,204.557060,NA,NA,iter,4.29998,204.557060,258.33898,0.069
rajat28,87190,87190,607235,0.29712,19.03452,523.190,43.295,256.863,NA,4.31604,219.747188,4.29212,204.931867,NA,NA,iter,4.29212,204.931867,261.15512,0.069
rajat29,643994,643994,4866270,1.88219,314.05609,661.869,509.114,370653,NA,61.74028,128.250529,61.66754,123.139162,NA,NA,iter,61.66754,123.139162,370714.66754,0.031
rajat31,4690002,4690002,20316253,9.51871,1093.19080,546.393,2847.22,1438.97,NA,4.22271,9099.972580,3.97623,8985.215820,NA,NA,iter,3.97623,8985.215820,1442.94623,2.394
rel8,345688,12347,821839,0.43250,23.98289,486.456,56.105,57.279,NA,0.15397,6746.827971,0.15395,6713.742011,NA,NA,iter,0.15395,6713.742011,57.43295,2.809
relat8,345688,12347,1334038,0.48777,24.53619,700.150,93.636,99.645,NA,0.24730,6991.900365,0.24709,6964.144276,NA,NA,iter,0.24709,6964.144276,99.89209,1.974
relat9,12360060,549336,38955420,22.29981,937.12012,447.205,2949.49,3034.42,NA,8.35435,6773.188232,8.33821,6756.257636,NA,NA,iter,8.33821,6756.257636,3042.75821,2.674
RFdevice,74104,74104,365580,0.20517,12.03051,456.154,26.087,28.255,NA,0.20224,3072.485935,0.17265,3538.789870,NA,NA,iter,0.17265,3538.789870,28.42765,1.188
rgg_n_2_16_s0,65536,65536,684254,0.21049,12.00548,832.183,77.805,76.286,NA,0.09202,13504.028531,0.09210,13477.148843,NA,NA,adj,0.09202,13504.028531,77.89702,2.287
rgg_n_2_18_s0,262144,262144,3094566,0.83067,45.41818,953.702,315.959,361.01,NA,0.37745,15963.971637,0.37720,15960.300445,NA,NA,iter,0.37720,15960.300445,361.38720,2.202
rgg_n_2_19_s0,524288,524288,6539532,1.81002,102.82837,924.917,682.92,683.322,NA,0.77692,16746.644548,0.77671,16739.664643,NA,NA,iter,0.77671,16739.664643,684.09871,2.330
rgg_n_2_21_s0,2097152,2097152,28975990,7.87300,420.65729,942.189,3455.38,4269.05,NA,3.30183,17949.044626,3.29746,17961.182433,NA,NA,iter,3.29746,17961.182433,4272.34746,2.388
ri2010,25181,25181,125750,0.08857,4.47580,363.455,12.706,14.393,NA,0.03627,7200.451799,0.03494,7409.144406,NA,NA,iter,0.03494,7409.144406,14.42794,2.535
rlfprim,58866,62716,320591,0.13765,10.93212,596.249,20.969,20.293,NA,0.10463,4442.696912,0.09441,4544.902210,NA,NA,iter,0.09441,4544.902210,20.38741,1.458
RM07R,381689,381689,37464962,6.74691,134.90231,1421.545,1000.58,1041.69,NA,1.07000,20190.238248,0.91208,19477.929772,NA,NA,iter,0.91208,19477.929772,1042.60208,7.397
roadNet-CA,1971281,1971281,5533214,4.00181,306.41846,353.965,515.703,536.225,NA,1.59642,6578.822258,1.59442,6578.714495,NA,NA,iter,1.59442,6578.714495,537.81942,2.510
roadNet-TX,1393383,1393383,3843320,2.82507,237.14070,348.271,366.976,378.188,NA,1.11669,6698.749071,1.11837,6682.478931,NA,NA,adj,1.11669,6698.749071,368.09269,2.530
route,20894,43019,206782,0.11837,5.77725,447.193,19.552,19.965,NA,1.31441,333.586779,1.32278,297.189918,NA,NA,adj,1.31441,333.586779,20.86641,0.090
s3dkq4m2,90449,90449,4730442,0.49922,20.82074,2425.768,91.001,83.242,NA,0.12208,15871.431000,0.10600,12195.363612,NA,NA,iter,0.10600,12195.363612,83.34800,4.710
s4dkt3m2,90449,90449,3663012,0.42902,19.11539,2185.777,76.486,88.255,NA,0.11488,14490.065099,0.09474,11728.491557,NA,NA,iter,0.09474,11728.491557,88.34974,4.528
sc205-2r,35213,62423,123239,0.09044,8.22174,348.855,7.784,8.2,NA,0.03774,5731.524852,0.03762,5750.244908,NA,NA,iter,0.03762,5750.244908,8.23762,2.404
scagr7-2r,32847,46679,120141,0.08423,6.97633,365.126,7.306,6.943,NA,0.03602,5699.602027,0.03330,5527.183132,NA,NA,iter,0.03330,5527.183132,6.97630,2.529
scfxm1-2r,37980,65943,221388,0.13255,9.36396,427.592,18.401,18.734,NA,0.05083,7774.024630,0.05130,7292.295461,NA,NA,adj,0.05083,7774.024630,18.45183,2.608
sctap1-2r,28830,63426,186366,0.10033,8.19193,475.521,14.248,13.453,NA,0.03742,8727.750688,0.03740,8837.677740,NA,NA,iter,0.03740,8837.677740,13.49040,2.683
Serena,1391349,1391349,63140352,9.91809,469.56747,1629.741,2225.96,2139.64,NA,2.88080,14667.008287,2.28245,14568.042836,NA,NA,iter,2.28245,14568.042836,2141.92245,4.345
sgpf5y6,246077,312540,831976,0.71938,45.21456,296.068,87.451,87.305,NA,0.26482,9388.000643,0.25418,9032.503274,NA,NA,iter,0.25418,9032.503274,87.55918,2.830
shallow_water2,81920,81920,245760,0.17658,12.97773,356.298,14.051,14.988,NA,0.07135,4702.893663,0.06965,4817.406570,NA,NA,iter,0.06965,4817.406570,15.05765,2.535
shar_te2-b3,200200,200200,800800,0.49121,31.74330,417.343,61.056,63.139,NA,0.18563,7518.976087,0.18895,7386.256283,NA,NA,adj,0.18563,7518.976087,61.24163,2.646
ship_001,34920,34920,4609310,0.61059,11.63033,1932.528,101.736,106.603,NA,0.12112,16984.511723,0.10338,17085.579164,NA,NA,iter,0.10338,17085.579164,106.70638,5.906
ship_003,121728,121728,7964306,1.02713,30.17590,1985.002,243.274,196.818,NA,0.20378,16947.673435,0.19524,16324.720424,NA,NA,iter,0.19524,16324.720424,197.01324,5.261
shipsec5,179860,179860,9933236,1.30101,50.59509,1954.561,257.863,246.117,NA,0.28205,15988.345897,0.26028,16137.603085,NA,NA,iter,0.26028,16137.603085,246.37728,4.999
shock-9,36476,36476,142580,0.10455,5.91731,349.112,11.304,11.779,NA,0.03818,7473.675537,0.03822,7466.541803,NA,NA,adj,0.03818,7473.675537,11.34218,2.738
shyy161,76480,76480,329762,0.18954,12.25597,445.382,21.899,20.932,NA,0.07336,8447.124431,0.07172,7913.649591,NA,NA,iter,0.07172,7913.649591,21.00372,2.643
Si10H16,17077,17077,858846,0.17211,4.10025,1277.436,48.005,55.163,NA,0.09724,10920.640656,0.07879,11455.783858,NA,NA,iter,0.07879,11455.783858,55.24179,2.184
Si41Ge41H72,185639,185639,14825626,3.38342,58.16179,1121.753,683.457,707.15,NA,0.77232,19879.569241,0.66339,19792.887794,NA,NA,iter,0.66339,19792.887794,707.81339,5.100
Si87H76,240369,240369,10421262,2.50890,50.89521,1063.351,626.614,614.503,NA,0.74496,19370.490150,0.67535,19064.724993,NA,NA,iter,0.67535,19064.724993,615.17835,3.715
sinc15,11532,11532,568526,0.06767,2.52372,2150.900,33.264,33.1,NA,0.11014,7291.632614,0.08634,8853.130988,NA,NA,iter,0.08634,8853.130988,33.18634,0.784
SiO,33401,33401,1284254,0.29700,7.27736,1106.963,77.353,89.918,NA,0.12845,13720.153510,0.11186,14461.222607,NA,NA,iter,0.11186,14461.222607,90.02986,2.655
skirt,12598,12598,183922,0.03610,2.41071,1304.203,10.839,10.513,NA,0.02249,8077.231486,0.02142,7267.738040,NA,NA,iter,0.02142,7267.738040,10.53442,1.685
smallworld,100000,100000,999996,0.28865,17.24450,886.899,50.978,54.53,NA,0.12020,9180.711874,0.10994,7583.308641,NA,NA,iter,0.10994,7583.308641,54.63994,2.626
sme3Da,12504,12504,874887,0.18158,3.52884,1233.486,86.627,80.613,NA,0.19689,7172.373549,0.19626,7156.840168,NA,NA,iter,0.19626,7156.840168,80.80926,0.925
sme3Dc,42930,42930,3148656,1.18555,12.47759,679.903,322.074,295.087,NA,0.40178,13616.066298,0.41415,13164.355146,NA,NA,adj,0.40178,13616.066298,322.47578,2.951
soc-Epinions1,75888,75888,508837,0.22515,13.57754,578.553,49.303,52.398,NA,0.35946,2740.474092,0.31642,2905.993559,NA,NA,iter,0.31642,2905.993559,52.71442,0.712
soc-sign-epinions,131828,131828,841372,0.35572,22.00520,605.513,94.216,110.406,NA,0.42039,5165.255616,0.44333,4434.646693,NA,NA,adj,0.42039,5165.255616,94.63639,0.846
soc-sign-Slashdot081106,77357,77357,516575,0.23200,13.22012,570.020,65.34,61.428,NA,0.17900,7233.317725,0.15172,7706.479416,NA,NA,iter,0.15172,7706.479416,61.57972,1.529
soc-sign-Slashdot090221,82144,82144,549202,0.24709,13.32778,569.003,62.794,66.759,NA,0.18833,7327.881549,0.16728,7420.764142,NA,NA,iter,0.16728,7420.764142,66.92628,1.477
soc-Slashdot0902,82168,82168,948464,0.41406,14.41539,586.398,98.733,102.739,NA,0.47795,4270.243283,0.43731,4317.144975,NA,NA,iter,0.43731,4317.144975,103.17631,0.947
spal_004,10203,321696,46168124,25.82737,147.07042,457.617,6720.31,4420.05,NA,13.40527,11394.643517,7.69753,10780.213352,NA,NA,iter,7.69753,10780.213352,4427.74753,3.355
sparsine,50000,50000,1498988,0.72810,10.42904,527.043,171.278,173.226,NA,0.18502,17326.189303,0.18501,17326.315569,NA,NA,iter,0.18501,17326.315569,173.41101,3.935
srb1,54924,54924,2907228,0.26153,12.61987,2845.760,57.031,53.324,NA,0.13848,8452.132533,0.09695,9036.924012,NA,NA,iter,0.09695,9036.924012,53.42095,2.698
Stanford_Berkeley,683446,683446,7583376,2.78907,114.43601,696.055,588.048,11360.2,NA,12.43054,1240.355875,12.42819,1179.480057,NA,NA,iter,12.42819,1179.480057,11372.62819,0.224
stat96v2,29089,957432,2852184,0.68721,99.38224,1062.505,179.361,138.621,NA,0.69339,5937.773730,0.64899,3511.426746,NA,NA,iter,0.64899,3511.426746,139.26999,1.059
std1_Jac2,21982,21982,1248731,0.25276,6.67452,1264.717,45.629,68.24,NA,0.16241,6366.708450,0.12638,7337.027808,NA,NA,iter,0.12638,7337.027808,68.36638,2.000
std1_Jac3,21982,21982,1455848,0.28436,5.96728,1310.630,51.625,80.652,NA,0.17449,6593.803062,0.13986,7407.468066,NA,NA,iter,0.13986,7407.468066,80.79186,2.033
StocF-1465,1465137,1465137,19540252,6.27223,328.79861,797.533,1429.04,2094.92,NA,2.04395,12220.660626,1.89510,12608.260994,NA,NA,iter,1.89510,12608.260994,2096.81510,3.310
stokes128,49666,49666,525312,0.17567,8.45501,765.504,26.784,27.836,NA,0.06424,9990.169495,0.06117,9394.308900,NA,NA,iter,0.06117,9394.308900,27.89717,2.872
stokes64s,12546,12546,131584,0.03002,2.20888,1121.965,7.13,6.388,NA,0.01879,8595.518737,0.01686,8589.064604,NA,NA,iter,0.01686,8589.064604,6.40486,1.781
stormG2_1000,528185,1377306,3459881,1.93378,169.41879,458.029,314.249,284.564,NA,0.67297,9545.709160,0.65726,9673.985082,NA,NA,iter,0.65726,9673.985082,285.22126,2.942
struct3,53570,53570,1120124,0.19814,10.05958,1447.217,34.446,39.84,NA,0.06099,11728.139331,0.05956,10945.804586,NA,NA,iter,0.05956,10945.804586,39.89956,3.327
t2dah,11445,11445,164672,0.03332,2.09722,1265.151,6.791,6.423,NA,0.01974,8131.120280,0.01893,5706.394519,NA,NA,iter,0.01893,5706.394519,6.44193,1.760
t2dah_e,11445,11445,164672,0.03336,1.98469,1263.597,7.447,6.502,NA,0.01968,8156.503783,0.01909,5658.369127,NA,NA,iter,0.01909,5658.369127,6.52109,1.748
t3dh,79171,79171,4272934,0.73839,18.36919,1481.435,226.86,195.361,NA,0.17449,19316.996024,0.16759,17517.879218,NA,NA,iter,0.16759,17517.879218,195.52859,4.406
t3dh_e,79171,79171,4272934,0.73361,19.07905,1491.072,203.286,217.12,NA,0.17447,19319.261977,0.16790,17485.826751,NA,NA,iter,0.16790,17485.826751,217.28790,4.369
t3dl,20360,20360,489506,0.10449,4.25533,1199.299,31.972,34.346,NA,0.04401,11783.712996,0.04254,11525.854693,NA,NA,iter,0.04254,11525.854693,34.38854,2.456
t60k,60005,60005,178880,0.13804,10.26108,331.751,12.507,12.915,NA,0.05528,6536.939456,0.05533,6530.285865,NA,NA,adj,0.05528,6536.939456,12.56228,2.497
tandem_vtx,18454,18454,234896,0.07456,3.49112,806.482,19.143,18.768,NA,0.03660,8088.640240,0.03389,7664.531587,NA,NA,iter,0.03389,7664.531587,18.80189,2.200
ted_AB,10605,10605,522387,0.08555,2.65000,1563.214,12.793,14.205,NA,0.03404,7777.617488,0.03398,7463.773613,NA,NA,iter,0.03398,7463.773613,14.23898,2.518
ted_A_unscaled,10605,10605,424587,0.07279,2.31794,1493.342,9.092,10.688,NA,0.02851,7550.574682,0.02886,7074.520843,NA,NA,adj,0.02851,7550.574682,9.12051,2.553
ted_B,10605,10605,133974,0.02808,1.74867,1221.582,3.543,3.719,NA,0.01563,5382.962069,0.01546,5361.589501,NA,NA,iter,0.01546,5361.589501,3.73446,1.816
TF16,15437,19321,216173,0.07852,3.41411,704.789,23.062,20.938,NA,0.03764,10370.402467,0.03609,10632.462935,NA,NA,iter,0.03609,10632.462935,20.97409,2.176
TF17,38132,48630,586218,0.23323,8.36627,643.460,57.266,63.39,NA,0.08110,13434.343823,0.07817,13700.953898,NA,NA,iter,0.07817,13700.953898,63.46817,2.984
TF19,241029,317955,4370721,2.32557,56.77755,481.132,430.134,423.23,NA,0.60371,14020.489630,0.56889,14603.614561,NA,NA,iter,0.56889,14603.614561,423.79889,4.088
thermal2,1228045,1228045,7352268,3.38055,212.38383,556.767,663.618,691.931,NA,1.26597,9661.266516,1.21747,9694.093627,NA,NA,iter,1.21747,9694.093627,693.14847,2.777
thermomech_dM,204316,204316,1218800,0.82490,49.71978,378.245,131.249,133.227,NA,0.28910,10560.385091,0.29641,10299.896636,NA,NA,adj,0.28910,10560.385091,131.53810,2.853
thermomech_TC,102158,102158,609400,0.39897,16.50019,391.022,82.777,83.722,NA,0.14082,10918.207938,0.14578,10504.748254,NA,NA,adj,0.14082,10918.207938,82.91782,2.833
thread,29736,29736,4440312,0.53420,11.86786,2127.891,112.211,108.475,NA,0.12829,17663.856397,0.09908,17483.467798,NA,NA,iter,0.09908,17483.467798,108.57408,5.392
tmt_unsym,917825,917825,4584801,2.27944,145.90475,514.910,338.96,301.702,NA,0.84742,11041.655282,0.77849,9610.273497,NA,NA,iter,0.77849,9610.273497,302.48049,2.928
tomographic1,73159,59498,647495,0.33401,11.12046,496.271,52.308,51.94,NA,0.14219,7546.017555,0.11950,7777.343670,NA,NA,iter,0.11950,7777.343670,52.05950,2.795
torsion1,40000,40000,157608,0.11432,6.44319,352.938,13.977,12.236,NA,0.04395,9042.311097,0.04096,7723.199633,NA,NA,iter,0.04096,7723.199633,12.27696,2.791
torso2,115967,115967,1033473,0.31424,23.73803,841.925,53.63,40.913,NA,0.11791,10293.303619,0.11133,8533.333414,NA,NA,iter,0.11133,8533.333414,41.02433,2.823
tp-6,142752,1014301,11537419,3.64544,148.71065,810.212,1106.13,1.40752e+06,NA,138.44397,164.985374,139.04936,143.461575,NA,NA,adj,138.44397,164.985374,1244.57397,0.026
trans5,116835,116835,766396,0.36765,20.05199,533.652,52.491,4272.04,NA,17.12937,69.808163,17.08331,67.805864,NA,NA,iter,17.08331,67.805864,4289.12331,0.022
transient,178866,178866,961790,0.55165,31.41622,446.331,79.495,1012.73,NA,12.00228,133.190224,9.19796,159.384038,NA,NA,iter,9.19796,159.384038,1021.92796,0.060
trdheim,22098,22098,1913226,0.23035,7.38303,2126.232,36.103,35.148,NA,0.04819,14242.432857,0.04704,13969.525297,NA,NA,iter,0.04704,13969.525297,35.19504,4.897
Trefethen_20000b,19999,19999,534436,0.13483,3.56796,1014.760,41.287,39.311,NA,0.06283,14161.668479,0.05888,13721.599973,NA,NA,iter,0.05888,13721.599973,39.36988,2.290
TSOPF_FS_b162_c1,10798,10798,605616,0.11950,2.74013,1297.378,13.657,26.956,NA,0.58327,456.067403,0.58026,420.880233,NA,NA,iter,0.58026,420.880233,27.53626,0.206
TSOPF_FS_b162_c3,30798,30798,1793376,0.30845,7.50388,1488.427,35.732,143.092,NA,1.79390,428.783138,1.85844,379.211833,NA,NA,adj,1.79390,428.783138,37.52590,0.172
TSOPF_FS_b300,29214,29214,4392346,0.67764,10.94429,1659.343,74.049,360.763,NA,1.74789,827.127239,1.85580,739.056473,NA,NA,adj,1.74789,827.127239,75.79689,0.388
TSOPF_FS_b300_c2,56814,56814,8752790,1.13326,21.96641,1977.221,137.483,1067.37,NA,3.87049,739.166836,3.96065,685.111527,NA,NA,adj,3.87049,739.166836,141.35349,0.293
TSOPF_FS_b300_c3,84414,84414,13114354,1.97066,38.93534,1703.626,201.392,2286,NA,5.99413,713.396812,6.00117,675.702497,NA,NA,adj,5.99413,713.396812,207.38613,0.329
TSOPF_FS_b39_c30,120216,120216,3091042,0.58251,22.73485,1358.437,83.712,1110.92,NA,9.05806,204.786017,9.04681,179.494229,NA,NA,iter,9.04681,179.494229,1119.96681,0.064
TSOPF_FS_b9_c6,14454,14454,144342,0.05954,2.35135,620.666,5.668,20.162,NA,0.97444,166.658260,1.05830,132.706339,NA,NA,adj,0.97444,166.658260,6.64244,0.061
TSOPF_RS_b162_c4,20374,20374,812749,0.12634,6.07875,1646.849,16.107,18.403,NA,0.03359,10969.755888,0.03150,10530.039333,NA,NA,iter,0.03150,10530.039333,18.43450,4.011
TSOPF_RS_b2052_c1,25626,25626,6761100,0.73863,14.50915,2343.308,94.289,147.276,NA,0.14692,13139.670771,0.11934,15830.582049,NA,NA,iter,0.11934,15830.582049,147.39534,6.189
TSOPF_RS_b2383_c1,38120,38120,16171169,1.20639,34.48005,3431.562,275.226,407.108,NA,0.34740,12812.451022,0.34025,12899.386540,NA,NA,iter,0.34025,12899.386540,407.44825,3.546
TSOPF_RS_b300_c2,28338,28338,2943887,0.34361,16.05864,2193.264,50.473,60.49,NA,0.06797,14238.023956,0.06179,14762.744826,NA,NA,iter,0.06179,14762.744826,60.55179,5.561
TSOPF_RS_b39_c19,38098,38098,684206,0.13994,7.78389,1251.657,19.517,19.127,NA,0.04704,9417.500973,0.04477,8696.438701,NA,NA,iter,0.04477,8696.438701,19.17177,3.126
TSOPF_RS_b39_c30,60098,60098,1079986,0.21180,10.88740,1305.340,28.232,30.613,NA,0.06922,10096.094995,0.06578,9336.986271,NA,NA,iter,0.06578,9336.986271,30.67878,3.220
TSOPF_RS_b678_c1,18696,18696,4396289,0.48542,9.81742,2318.525,61.919,89.162,NA,0.11149,11366.642155,0.09277,13339.337646,NA,NA,iter,0.09277,13339.337646,89.25477,5.233
ts-palko,22002,47235,1076903,0.26038,10.86070,1058.779,103.682,738.122,NA,6.93277,236.232475,6.93084,235.867854,NA,NA,iter,6.93084,235.867854,745.05284,0.038
tube1,21498,21498,875558,0.12198,4.78688,1837.554,18.623,18.054,NA,0.03742,10847.947800,0.03191,9680.102764,NA,NA,iter,0.03191,9680.102764,18.08591,3.823
tube2,21498,21498,875558,0.12108,4.80392,1851.201,19.658,18.29,NA,0.03789,11315.891888,0.03088,9839.788075,NA,NA,iter,0.03088,9839.788075,18.32088,3.921
twotone,120750,120750,1224224,0.37921,20.06615,826.464,74.821,77.26,NA,0.15831,9911.306358,0.15682,9312.890332,NA,NA,iter,0.15682,9312.890332,77.41682,2.418
usroads,129164,129164,330870,0.29348,29.44970,288.617,34.663,34.375,NA,0.11313,6840.839782,0.11379,6801.439969,NA,NA,adj,0.11313,6840.839782,34.77613,2.594
ut2010,115406,115406,572066,0.37884,38.99752,386.573,69.507,69.788,NA,0.12747,9552.956459,0.12876,9342.197976,NA,NA,adj,0.12747,9552.956459,69.63447,2.972
va2010,285762,285762,1402128,0.87882,45.21946,408.441,214.473,147.521,NA,0.28590,10398.051481,0.28097,10491.843488,NA,NA,iter,0.28097,10491.843488,147.80197,3.128
venkat01,62424,62424,1717792,0.25555,12.29083,1720.821,49.434,49.833,NA,0.07580,12341.313129,0.07289,12355.829971,NA,NA,iter,0.07289,12355.829971,49.90589,3.506
venkat50,62424,62424,1717792,0.25537,12.34476,1722.063,61.978,52.869,NA,0.07586,12331.317389,0.07303,12331.576299,NA,NA,iter,0.07303,12331.576299,52.94203,3.497
venturiLevel3,4026819,4026819,16108474,8.92795,651.86499,461.894,1528.08,1099.17,NA,3.48725,7007.690998,3.47789,7024.712302,NA,NA,iter,3.47789,7024.712302,1102.64789,2.567
vibrobox,12328,12328,330500,0.05792,2.17320,1460.838,20.359,22.47,NA,0.06142,5897.965952,0.04579,7452.593820,NA,NA,iter,0.04579,7452.593820,22.51579,1.265
viscorocks,37762,37762,1162244,0.17676,7.73369,1683.283,43.618,28.742,NA,0.05364,13441.466625,0.04592,10631.221767,NA,NA,iter,0.04592,10631.221767,28.78792,3.849
vsp_bcsstk30_500sep_10in_1Kout,58348,58348,4033156,1.94551,27.85615,530.702,521.162,434.811,NA,0.42765,19257.956308,0.44356,18548.933758,NA,NA,adj,0.42765,19257.956308,521.58965,4.549
vsp_befref_fxm_2_4_air02,14109,14109,196448,0.06242,2.66867,805.701,15.551,13.648,NA,0.63044,382.756723,0.47448,469.060784,NA,NA,iter,0.47448,469.060784,14.12248,0.132
vsp_c-30_data_data,11023,11023,124368,0.03840,1.86386,829.120,5.635,5.963,NA,0.33376,353.537471,0.30779,316.082239,NA,NA,iter,0.30779,316.082239,6.27079,0.125
vsp_finan512_scagr7-2c_rlfddd,139752,139752,1104040,0.48885,25.26358,578.159,100.292,92.499,NA,0.99422,1782.260076,0.69175,2517.452815,NA,NA,iter,0.69175,2517.452815,93.19075,0.707
vsp_model1_crew1_cr42_south31,45101,45101,379952,0.17215,9.03849,565.001,33.936,111.162,NA,2.84545,225.205496,2.49047,240.411165,NA,NA,iter,2.49047,240.411165,113.65247,0.069
vsp_msc10848_300sep_100in_1Kout,21996,21996,2442056,0.67734,12.50923,922.979,280.528,246.734,NA,0.27172,17720.845361,0.29245,16430.700544,NA,NA,adj,0.27172,17720.845361,280.79972,2.493
vsp_sctap1-2b_and_seymourl,40174,40174,281662,0.15067,9.86228,478.565,26.489,25.915,NA,1.06560,497.516087,0.98343,522.393226,NA,NA,iter,0.98343,522.393226,26.89843,0.153
vsp_vibrobox_scagr7-2c_rlfddd,77328,77328,871172,0.34316,14.67447,649.903,68.919,65.949,NA,0.43917,3010.333850,0.37272,3476.234861,NA,NA,iter,0.37272,3476.234861,66.32172,0.921
wa2010,195574,195574,947432,0.62933,35.19663,385.398,95.596,97.672,NA,0.20269,9909.265277,0.20589,9695.493484,NA,NA,adj,0.20269,9909.265277,95.79869,3.105
wang3,26064,26064,177168,0.08983,4.47537,504.925,13.718,14.169,NA,0.03420,10477.604621,0.03251,9595.841568,NA,NA,iter,0.03251,9595.841568,14.20151,2.763
water_tank,60740,60740,2035281,0.36315,14.06225,1434.769,85.167,108.54,NA,0.09359,15677.199558,0.08497,15683.778618,NA,NA,iter,0.08497,15683.778618,108.62497,4.274
wathen120,36441,36441,529320,0.12225,6.95260,1108.477,29.206,21.967,NA,0.05610,12463.684466,0.04583,9679.356375,NA,NA,iter,0.04583,9679.356375,22.01283,2.667
watson_2,352013,677224,1846391,1.24197,85.62926,380.586,177.312,172.138,NA,0.48191,8608.015252,0.46635,7978.568931,NA,NA,iter,0.46635,7978.568931,172.60435,2.663
wave,156317,156317,2118662,0.56940,39.93094,952.536,133.813,131.171,NA,0.21008,12545.447035,0.19843,12412.095634,NA,NA,iter,0.19843,12412.095634,131.36943,2.870
webbase-1M,1000005,1000005,3105536,2.10770,183.86148,377.197,255.698,221.574,NA,1.33515,3899.584463,1.32348,3848.561763,NA,NA,iter,1.32348,3848.561763,222.89748,1.593
web-Google,916428,916428,5105039,3.29679,166.83174,396.413,546.93,545.922,NA,1.36774,8405.102781,1.35862,8358.304936,NA,NA,iter,1.35862,8358.304936,547.28062,2.427
web-NotreDame,325729,325729,1497134,0.72206,50.88131,530.793,91.965,105.901,NA,1.06152,2093.100720,0.65315,3031.882449,NA,NA,iter,0.65315,3031.882449,106.55415,1.106
wheel_601,902103,723605,2170814,1.74825,136.24380,317.876,162.265,212.489,NA,0.88369,5838.151769,0.88338,5836.694930,NA,NA,iter,0.88338,5836.694930,213.37238,1.979
wikipedia-20051105,1634989,1634989,19753078,10.40376,312.60931,486.054,2869.04,2223.17,NA,3.73441,11808.221530,3.60632,11303.247071,NA,NA,iter,3.60632,11303.247071,2226.77632,2.885
wikipedia-20061104,3148440,3148440,39383235,22.12163,554.37671,455.758,4246.55,5462.64,NA,8.20261,11007.665070,7.95675,10499.207008,NA,NA,iter,7.95675,10499.207008,5470.59675,2.780
wikipedia-20070206,3566907,3566907,45030389,25.59988,669.18036,450.306,5018.7,5750.59,NA,9.01525,11482.629070,8.73945,10960.055176,NA,NA,iter,8.73945,10960.055176,5759.32945,2.929
windscreen,22692,22692,1459698,0.17062,5.66162,2190.160,36.019,32.964,NA,0.04901,14863.351065,0.03807,14287.251574,NA,NA,iter,0.03807,14287.251574,33.00207,4.482
wing_nodal,10937,10937,150976,0.04475,1.80284,863.769,22.307,17.9,NA,0.02834,10966.474427,0.02832,10959.363278,NA,NA,iter,0.02832,10959.363278,17.92832,1.580
world,34506,67147,198883,0.13601,12.65791,374.347,17.083,15.597,NA,0.26597,1414.460621,0.26847,1380.204556,NA,NA,adj,0.26597,1414.460621,17.34897,0.511
wv2010,135218,135218,662922,0.43237,29.69757,392.503,79.569,80.809,NA,0.14012,10094.592307,0.14064,9951.361727,NA,NA,adj,0.14012,10094.592307,79.70912,3.086
x104,108384,108384,10059240,1.16824,38.85123,2204.311,219.138,217.601,NA,0.20732,17805.947647,0.20556,16941.476046,NA,NA,iter,0.20556,16941.476046,217.80656,5.683
xenon2,157464,157464,3866688,0.60895,29.95208,1625.533,156.919,158.917,NA,0.20423,14768.231694,0.20023,14195.601670,NA,NA,iter,0.20023,14195.601670,159.11723,3.041
Zd_Jac2_db,22835,22835,676439,0.15903,6.62182,1088.923,25.417,27.049,NA,0.06373,7496.658224,0.04635,9166.593009,NA,NA,iter,0.04635,9166.593009,27.09535,3.431
Zd_Jac3,22835,22835,1916152,0.36268,6.43514,1352.527,65.244,101.388,NA,0.17938,7967.849903,0.15192,8452.520736,NA,NA,iter,0.15192,8452.520736,101.53992,2.387
Zd_Jac6,22835,22835,1711983,0.36948,5.99601,1186.186,59.457,102.559,NA,0.15706,8374.494768,0.14305,8258.153340,NA,NA,iter,0.14305,8258.153340,102.70205,2.583
Zhao1,33861,33861,166453,0.11090,5.61802,384.241,14.061,14.025,NA,0.04225,8065.922986,0.04215,8085.519643,NA,NA,iter,0.04215,8085.519643,14.06715,2.631
